"","Season","Competition","Matchday","Date","Venue","Club","Opponent","Result","Playing_Position","Minute","At_score","Type","Goal_assist"
"1","02/03","Liga Portugal","6","10-07-02","H","Sporting CP","Moreirense FC","3:00","LW",34,2,"Solo run",""
"2","02/03","Liga Portugal","6","10-07-02","H","Sporting CP","Moreirense FC","3:00","LW",905,3,"Header","Rui Jorge"
"3","02/03","Liga Portugal","8","10/26/02","A","Sporting CP","Boavista FC","1:02","",88,1.02,"Right-footed shot","Carlos Martins"
"4","02/03","Taca de Portugal Placard","Fourth Round","11/24/02","H","Sporting CP","CD Estarreja","4:01","",67,3,"Left-footed shot","Cesar Prates"
"5","02/03","Taca de Portugal Placard","Fifth Round","12/18/02","H","Sporting CP","FC Oliveira do Hospital","8:01","",13,3,"",""
"6","03/04","Premier League","11","11-01-03","H","Manchester United","Portsmouth FC","3:00","RW",80,2,"Direct free kick",""
"7","03/04","FA Cup","Fifth Round","2/14/04","H","Manchester United","Manchester City","4:02","RW",74,3,"Right-footed shot",""
"8","03/04","Premier League","29","3/20/04","H","Manchester United","Tottenham Hotspur","3:00","",89,2,"Right-footed shot",""
"9","03/04","Premier League","32","04-10-04","A","Manchester United","Birmingham City","1:02","",60,1.01,"Header","Ryan Giggs"
"10","03/04","Premier League","38","5/15/04","A","Manchester United","Aston Villa","0:02","",4,0.01,"Right-footed shot",""
"11","03/04","FA Cup","Final","5/22/04","H","Manchester United","Millwall FC","3:00","RW",44,1,"Header","Gary Neville"
"12","04/05","Premier League","16","12-04-04","H","Manchester United","Southampton FC","3:00","",87,3,"Right-footed shot","Gary Neville"
"13","04/05","FA Cup","Third Round","1/19/05","A","Manchester United","Exeter City","0:02","",9,0.01,"","Paul Scholes"
"14","04/05","Premier League","24","1/22/05","H","Manchester United","Aston Villa","3:01","",8,1,"Right-footed shot","Louis Saha"
"15","04/05","Premier League","25","02-01-05","A","Manchester United","Arsenal FC","2:04","RW",54,2.02,"Left-footed shot","Ryan Giggs"
"16","04/05","Premier League","25","02-01-05","A","Manchester United","Arsenal FC","2:04","RW",58,2.03,"Tap-in","Ryan Giggs"
"17","04/05","FA Cup","Fifth Round","2/19/05","A","Manchester United","Everton FC","0:02","",58,0.02,"Tap-in","Paul Scholes"
"18","04/05","FA Cup","Sixth Round","03-12-05","A","Manchester United","Southampton FC","0:04","",451,0.02,"Left-footed shot","Ruud van Nistelrooy"
"19","04/05","Premier League","30","3/19/05","H","Manchester United","Fulham FC","1:00","",21,1,"Right-footed shot","Roy Keane"
"20","04/05","FA Cup","Semi-Finals","4/17/05","A","Manchester United","Newcastle United","1:04","RW",76,1.04,"Right-footed shot","Ruud van Nistelrooy"
"21","05/06","UEFA Champions League Qualifying","3rd round","08-09-05","H","Manchester United","Debreceni VSC","3:00","",63,3,"Right-footed shot","Paul Scholes"
"22","05/06","Premier League","11","10/29/05","A","Manchester United","Middlesbrough FC","4:01","",90,4.01,"Header","Paul Scholes"
"23","05/06","EFL Cup","Round of 16","11/30/05","H","Manchester United","West Bromwich Albion","3:01","RW",12,1.01,"Penalty",""
"24","05/06","Premier League","20","12/31/05","H","Manchester United","Bolton Wanderers","4:01","",68,3.01,"Right-footed shot","Wayne Rooney"
"25","05/06","Premier League","20","12/31/05","H","Manchester United","Bolton Wanderers","4:01","",90,4.01,"Left-footed shot","Ruud van Nistelrooy"
"26","05/06","Premier League","25","02-04-06","H","Manchester United","Fulham FC","4:02","",14,2,"Direct free kick",""
"27","05/06","Premier League","25","02-04-06","H","Manchester United","Fulham FC","4:02","",87,4.02,"Right-footed shot",""
"28","05/06","Premier League","26","02-11-06","A","Manchester United","Portsmouth FC","1:03","RW",38,0.02,"Left-footed shot",""
"29","05/06","Premier League","26","02-11-06","A","Manchester United","Portsmouth FC","1:03","RW",45,0.03,"Right-footed shot","Wayne Rooney"
"30","05/06","EFL Cup","Final","2/26/06","H","Manchester United","Wigan Athletic","4:00","RW",59,3,"","Louis Saha"
"31","05/06","Premier League","28","03-06-06","A","Manchester United","Wigan Athletic","1:02","",74,1.01,"Right-footed shot","Ruud van Nistelrooy"
"32","05/06","Premier League","38","05-07-06","H","Manchester United","Charlton Athletic","4:00","RW",23,2,"Left-footed shot","Ryan Giggs"
"33","06/07","Premier League","1","8/20/06","H","Manchester United","Fulham FC","5:01","",19,4,"","Wayne Rooney"
"34","06/07","Premier League","6","9/23/06","A","Manchester United","Reading FC","1:01","CF",73,1.01,"","John OShea"
"35","06/07","Premier League","10","10/28/06","A","Manchester United","Bolton Wanderers","0:04","",82,0.03,"","Louis Saha"
"36","06/07","Premier League","11","11-04-06","H","Manchester United","Portsmouth FC","3:00","RW",10,2,"Direct free kick",""
"37","06/07","Premier League","15","11/29/06","H","Manchester United","Everton FC","3:00","",39,1,"",""
"38","06/07","Premier League","17","12-09-06","H","Manchester United","Manchester City","3:01","",84,3.01,"",""
"39","06/07","Premier League","19","12/23/06","A","Manchester United","Aston Villa","0:03","",58,0.01,"",""
"40","06/07","Premier League","19","12/23/06","A","Manchester United","Aston Villa","0:03","",85,0.03,"","Gary Neville"
"41","06/07","Premier League","20","12/26/06","H","Manchester United","Wigan Athletic","3:01","",47,1,"","Paul Scholes"
"42","06/07","Premier League","20","12/26/06","H","Manchester United","Wigan Athletic","3:01","",50,2,"Penalty rebound","Ji-sung Park"
"43","06/07","Premier League","21","12/30/06","H","Manchester United","Reading FC","3:02","RW",58,2.01,"","Ole Gunnar Solskjaer"
"44","06/07","Premier League","21","12/30/06","H","Manchester United","Reading FC","3:02","RW",77,3.01,"","Ryan Giggs"
"45","06/07","Premier League","23","1/13/07","H","Manchester United","Aston Villa","3:01","",34,3,"Header","Michael Carrick"
"46","06/07","Premier League","25","1/31/07","H","Manchester United","Watford FC","4:00","RW",12,1,"Penalty",""
"47","06/07","Premier League","26","02-03-07","A","Manchester United","Tottenham Hotspur","0:04","RW",45,0.01,"Penalty",""
"48","06/07","Premier League","28","2/24/07","A","Manchester United","Fulham FC","1:02","",88,1.02,"Solo run",""
"49","06/07","FA Cup","Sixth Round","03-10-07","A","Manchester United","Middlesbrough FC","2:02","RW",68,2.02,"Penalty",""
"50","06/07","FA Cup","6th round","3/19/07","H","Manchester United","Middlesbrough FC","1:00","",76,1,"Penalty",""
"51","06/07","UEFA Champions League","Quarter-Finals","04-10-07","H","Manchester United","AS Roma","7:01","RW",44,4,"Right-footed shot","Ryan Giggs"
"52","06/07","UEFA Champions League","Quarter-Finals","04-10-07","H","Manchester United","AS Roma","7:01","RW",49,5,"Right-footed shot","Ryan Giggs"
"53","06/07","FA Cup","Semi-Finals","4/14/07","A","Manchester United","Watford FC","1:04","",28,1.02,"Right-footed shot","Wayne Rooney"
"54","06/07","UEFA Champions League","Semi-Finals","4/24/07","H","Manchester United","AC Milan","3:02","RW",5,1,"Header","Ryan Giggs"
"55","06/07","Premier League","37","05-05-07","A","Manchester United","Manchester City","0:01","RW",34,0.01,"Penalty",""
"56","07/08","UEFA Champions League","Group Stage","9/19/07","A","Manchester United","Sporting CP","0:01","RW",62,0.01,"Header","Wes Brown"
"57","07/08","Premier League","8","9/29/07","A","Manchester United","Birmingham City","0:01","RW",51,0.01,"",""
"58","07/08","Premier League","9","10-06-07","H","Manchester United","Wigan Athletic","4:00","RW",59,2,"Header","Ryan Giggs"
"59","07/08","Premier League","9","10-06-07","H","Manchester United","Wigan Athletic","4:00","RW",76,3,"Right-footed shot","Wayne Rooney"
"60","07/08","UEFA Champions League","Group Stage","10/23/07","A","Manchester United","Dynamo Kyiv","2:04","RW",41,1.03,"Penalty",""
"61","07/08","UEFA Champions League","Group Stage","10/23/07","A","Manchester United","Dynamo Kyiv","2:04","RW",68,1.04,"Header","Ryan Giggs"
"62","07/08","Premier League","12","11-03-07","A","Manchester United","Arsenal FC","2:02","RW",82,1.02,"","Patrice Evra"
"63","07/08","UEFA Champions League","Group Stage","11-07-07","H","Manchester United","Dynamo Kyiv","4:00","RW",88,4,"Right-footed shot","Patrice Evra"
"64","07/08","Premier League","13","11-11-07","H","Manchester United","Blackburn Rovers","2:00","RW",34,1,"Header","Ryan Giggs"
"65","07/08","Premier League","13","11-11-07","H","Manchester United","Blackburn Rovers","2:00","RW",35,2,"Right-footed shot","Carlos Tevez"
"66","07/08","UEFA Champions League","Group Stage","11/27/07","H","Manchester United","Sporting CP","2:01","RW",903,2.01,"Direct free kick",""
"67","07/08","Premier League","15","12-03-07","H","Manchester United","Fulham FC","2:00","",10,1,"Right-footed shot","Nemanja Vidicâ€Ž"
"68","07/08","Premier League","15","12-03-07","H","Manchester United","Fulham FC","2:00","",58,2,"Header","John OShea"
"69","07/08","Premier League","16","12-08-07","H","Manchester United","Derby County","4:01","",90,4.01,"Penalty",""
"70","07/08","Premier League","18","12/23/07","H","Manchester United","Everton FC","2:01","RW",22,1,"Left-footed shot","Carlos Tevez"
"71","07/08","Premier League","18","12/23/07","H","Manchester United","Everton FC","2:01","RW",87,2.01,"Penalty",""
"72","07/08","Premier League","19","12/26/07","A","Manchester United","Sunderland AFC","0:04","",45,0.03,"Direct free kick",""
"73","07/08","Premier League","20","12/29/07","A","Manchester United","West Ham United","2:01","RW",14,0.01,"Header","Ryan Giggs"
"74","07/08","FA Cup","Third Round","01-05-08","A","Manchester United","Aston Villa","0:02","",81,0.01,"Left-footed shot","Ryan Giggs"
"75","07/08","Premier League","22","01-12-08","H","Manchester United","Newcastle United","6:00","RW",48,1,"Direct free kick",""
"76","07/08","Premier League","22","01-12-08","H","Manchester United","Newcastle United","6:00","RW",70,3,"Right-footed shot","Carlos Tevez"
"77","07/08","Premier League","22","01-12-08","H","Manchester United","Newcastle United","6:00","RW",88,5,"Left-footed shot",""
"78","07/08","Premier League","23","1/19/08","A","Manchester United","Reading FC","0:02","RW",902,0.02,"Right-footed shot",""
"79","07/08","FA Cup","Fourth Round","1/27/08","H","Manchester United","Tottenham Hotspur","3:01","RW",69,2.01,"Penalty",""
"80","07/08","FA Cup","Fourth Round","1/27/08","H","Manchester United","Tottenham Hotspur","3:01","RW",88,3.01,"Right-footed shot","Ryan Giggs"
"81","07/08","Premier League","24","1/30/08","H","Manchester United","Portsmouth FC","2:00","RW",10,1,"Right-footed shot","Nani"
"82","07/08","Premier League","24","1/30/08","H","Manchester United","Portsmouth FC","2:00","RW",12,2,"Direct free kick",""
"83","07/08","Premier League","27","2/23/08","A","Manchester United","Newcastle United","1:05","RW",45,0.02,"Right-footed shot","Michael Carrick"
"84","07/08","Premier League","27","2/23/08","A","Manchester United","Newcastle United","1:05","RW",56,0.03,"Right-footed shot",""
"85","07/08","UEFA Champions League","last 16","03-04-08","H","Manchester United","Olympique Lyon","1:00","RW",41,1,"Left-footed shot",""
"86","07/08","Premier League","29","3/15/08","A","Manchester United","Derby County","0:01","",76,0.01,"Right-footed shot","Wayne Rooney"
"87","07/08","Premier League","30","3/19/08","H","Manchester United","Bolton Wanderers","2:00","",8,1,"Right-footed shot",""
"88","07/08","Premier League","30","3/19/08","H","Manchester United","Bolton Wanderers","2:00","",19,2,"Direct free kick",""
"89","07/08","Premier League","31","3/23/08","H","Manchester United","Liverpool FC","3:00","RW",79,2,"Header","Nani"
"90","07/08","Premier League","32","3/29/08","H","Manchester United","Aston Villa","4:00","RW",16,1,"Right-footed shot",""
"91","07/08","UEFA Champions League","Quarter-Finals","04-01-08","A","Manchester United","AS Roma","0:02","RW",39,0.01,"Header","Paul Scholes"
"92","07/08","Premier League","33","04-06-08","A","Manchester United","Middlesbrough FC","2:02","RW",9,0.01,"Left-footed shot","Michael Carrick"
"93","07/08","Premier League","34","4/13/08","H","Manchester United","Arsenal FC","2:01","RW",53,1.01,"Penalty",""
"94","07/08","Premier League","37","05-03-08","H","Manchester United","West Ham United","4:01","RW",3,1,"Right-footed shot","Edwin van der Sar"
"95","07/08","Premier League","37","05-03-08","H","Manchester United","West Ham United","4:01","RW",24,2,"Right-footed shot","Owen Hargreaves"
"96","07/08","Premier League","38","05-11-08","A","Manchester United","Wigan Athletic","0:02","RW",32,0.01,"Penalty",""
"97","07/08","UEFA Champions League","Final","5/21/08","H","Manchester United","Chelsea FC","6:5 on pens","LW",26,1,"Header","Wes Brown"
"98","08/09","EFL Cup","Third Round","9/23/08","H","Manchester United","Middlesbrough FC","3:01","",25,1,"Header","Ryan Giggs"
"99","08/09","Premier League","6","9/27/08","H","Manchester United","Bolton Wanderers","2:00","RW",59,1,"Penalty",""
"100","08/09","Premier League","8","10/18/08","H","Manchester United","West Bromwich Albion","4:00","RW",69,2,"Left-footed shot","Wayne Rooney"
"101","08/09","Premier League","10","10/29/08","H","Manchester United","West Ham United","2:00","RW",14,1,"Left-footed shot","Nani"
"102","08/09","Premier League","10","10/29/08","H","Manchester United","West Ham United","2:00","RW",30,2,"Right-footed shot","Dimitar Berbatov"
"103","08/09","Premier League","11","11-01-08","H","Manchester United","Hull City","4:03","RW",3,1,"Left-footed shot","Dimitar Berbatov"
"104","08/09","Premier League","11","11-01-08","H","Manchester United","Hull City","4:03","RW",43,3.01,"Header","Nani"
"105","08/09","Premier League","13","11/15/08","H","Manchester United","Stoke City","5:00","RW",3,1,"Direct free kick",""
"106","08/09","Premier League","13","11/15/08","H","Manchester United","Stoke City","5:00","RW",88,5,"Direct free kick",""
"107","08/09","FIFA Club World Cup","Semi-Finals","12/18/08","A","Manchester United","Gamba Osaka","3:05","LW",451,0.02,"Header","Ryan Giggs"
"108","08/09","EFL Cup","Semi-Finals","1/20/09","H","Manchester United","Derby County","4:02","",89,4.01,"Penalty",""
"109","08/09","Premier League","23","1/27/09","A","Manchester United","West Bromwich Albion","0:05","LW",65,0.04,"Right-footed shot","Ryan Giggs"
"110","08/09","Premier League","23","1/27/09","A","Manchester United","West Bromwich Albion","0:05","LW",73,0.05,"Right-footed shot","Dimitar Berbatov"
"111","08/09","Premier League","24","1/31/09","H","Manchester United","Everton FC","1:00","LW",43,1,"Penalty",""
"112","08/09","FA Cup","Fifth Round","2/15/09","A","Manchester United","Derby County","1:04","CF",68,1.03,"Header","Ryan Giggs"
"113","08/09","Premier League","26","2/21/09","H","Manchester United","Blackburn Rovers","2:01","",60,2.01,"Direct free kick",""
"114","08/09","UEFA Champions League","last 16","03-11-09","H","Manchester United","FC Internazionale","2:00","RW",49,2,"Header","Wayne Rooney"
"115","08/09","Premier League","29","3/14/09","H","Manchester United","Liverpool FC","1:04","RW",22,1,"Penalty",""
"116","08/09","Premier League","31","04-05-09","H","Manchester United","Aston Villa","3:02","RW",11,1,"Direct free kick",""
"117","08/09","Premier League","31","04-05-09","H","Manchester United","Aston Villa","3:02","RW",80,2.02,"Left-footed shot","Michael Carrick"
"118","08/09","UEFA Champions League","Quarter-Finals","4/15/09","A","Manchester United","FC Porto","0:01","RW",6,0.01,"Long distance kick","Anderson"
"119","08/09","Premier League","34","4/25/09","H","Manchester United","Tottenham Hotspur","5:02","RW",57,1.02,"Penalty",""
"120","08/09","Premier League","34","4/25/09","H","Manchester United","Tottenham Hotspur","5:02","RW",68,3.02,"Header","Wayne Rooney"
"121","08/09","UEFA Champions League","Semi-Finals","05-05-09","A","Manchester United","Arsenal FC","1:03","CF",11,0.02,"Direct free kick",""
"122","08/09","UEFA Champions League","Semi-Finals","05-05-09","A","Manchester United","Arsenal FC","1:03","CF",61,0.03,"Right-footed shot","Wayne Rooney"
"123","08/09","Premier League","36","05-10-09","H","Manchester United","Manchester City","2:00","RW",17,1,"Direct free kick",""
"124","09/10","LaLiga","1","8/29/09","H","Real Madrid","Deportivo de La CoruÃ±a","3:02","RW",35,2.01,"Penalty",""
"125","09/10","LaLiga","2","09-12-09","A","Real Madrid","RCD Espanyol Barcelona","0:03","",90,0.03,"Right-footed shot","Guti"
"126","09/10","UEFA Champions League","Group Stage","9/15/09","A","Real Madrid","FC ZÃ¼rich","2:05","CF",27,0.01,"Direct free kick",""
"127","09/10","UEFA Champions League","Group Stage","9/15/09","A","Real Madrid","FC ZÃ¼rich","2:05","CF",89,2.04,"Direct free kick",""
"128","09/10","LaLiga","3","9/20/09","H","Real Madrid","Xerez CD","5:00","RW",1,1,"Right-footed shot",""
"129","09/10","LaLiga","3","9/20/09","H","Real Madrid","Xerez CD","5:00","RW",75,2,"Header","Esteban Granero"
"130","09/10","LaLiga","4","9/23/09","A","Real Madrid","Villarreal CF","0:02","CF",2,0.01,"Right-footed shot",""
"131","09/10","UEFA Champions League","Group Stage","9/30/09","H","Real Madrid","Olympique Marseille","3:00","CF",58,1,"Left-footed shot","Pepe"
"132","09/10","UEFA Champions League","Group Stage","9/30/09","H","Real Madrid","Olympique Marseille","3:00","CF",64,3,"Right-footed shot","Karim Benzema"
"133","09/10","LaLiga","13","12-05-09","H","Real Madrid","UD Almeria","4:02","CF",84,4.02,"Right-footed shot","Gonzalo Higuain"
"134","09/10","UEFA Champions League","Group Stage","12-08-09","A","Real Madrid","Olympique Marseille","1:03","CF",5,0.01,"Direct free kick",""
"135","09/10","UEFA Champions League","Group Stage","12-08-09","A","Real Madrid","Olympique Marseille","1:03","CF",80,1.03,"Right-footed shot","Lassana Diarra"
"136","09/10","LaLiga","15","12/19/09","H","Real Madrid","Real Zaragoza","6:00","CF",50,5,"Left-footed shot","Ezequiel Garay"
"137","09/10","LaLiga","19","1/24/10","H","Real Madrid","Malaga CF","2:00","RW",35,1,"Right-footed shot","Kaka"
"138","09/10","LaLiga","19","1/24/10","H","Real Madrid","Malaga CF","2:00","RW",39,2,"Right-footed shot","Guti"
"139","09/10","LaLiga","22","2/13/10","A","Real Madrid","Xerez CD","0:03","",69,0.02,"Header","Kaka"
"140","09/10","LaLiga","22","2/13/10","A","Real Madrid","Xerez CD","0:03","",71,0.03,"Left-footed shot","Kaka"
"141","09/10","LaLiga","23","2/21/10","H","Real Madrid","Villarreal CF","6:02","",18,1,"Direct free kick",""
"142","09/10","LaLiga","24","2/27/10","A","Real Madrid","CD Tenerife","1:05","",78,1.04,"Penalty",""
"143","09/10","LaLiga","25","03-06-10","H","Real Madrid","Sevilla FC","3:02","CF",59,1.02,"Left-footed shot",""
"144","09/10","UEFA Champions League","last 16","03-10-10","H","Real Madrid","Olympique Lyon","1:01","LW",6,1,"Left-footed shot","Guti"
"145","09/10","LaLiga","26","3/14/10","A","Real Madrid","Real Valladolid CF","1:04","CF",29,0.01,"Direct free kick",""
"146","09/10","LaLiga","28","3/25/10","A","Real Madrid","Getafe CF","2:04","",13,0.01,"Direct free kick",""
"147","09/10","LaLiga","28","3/25/10","A","Real Madrid","Getafe CF","2:04","",36,0.04,"Right-footed shot",""
"148","09/10","LaLiga","30","04-04-10","A","Real Madrid","Racing Santander","0:02","",23,0.01,"Penalty",""
"149","09/10","LaLiga","32","4/15/10","A","Real Madrid","UD Almeria","1:02","",26,1.01,"Left-footed shot",""
"150","09/10","LaLiga","33","4/18/10","H","Real Madrid","Valencia CF","2:00","CF",77,2,"Right-footed shot","Marcelo"
"151","09/10","LaLiga","35","05-02-10","H","Real Madrid","CA Osasuna","3:02","",25,1.01,"Right-footed shot",""
"152","09/10","LaLiga","35","05-02-10","H","Real Madrid","CA Osasuna","3:02","",89,3.02,"Header","Gonzalo Higuain"
"153","09/10","LaLiga","36","05-05-10","A","Real Madrid","RCD Mallorca","1:04","",26,1.01,"Right-footed shot","Sergio Ramos"
"154","09/10","LaLiga","36","05-05-10","A","Real Madrid","RCD Mallorca","1:04","",56,1.02,"Right-footed shot","Sergio Ramos"
"155","09/10","LaLiga","36","05-05-10","A","Real Madrid","RCD Mallorca","1:04","",71,1.03,"Right-footed shot",""
"156","09/10","LaLiga","37","05-08-10","H","Real Madrid","Athletic Bilbao","5:01","CF",21,1,"Penalty",""
"157","10/11","LaLiga","4","9/21/10","H","Real Madrid","RCD Espanyol Barcelona","3:00","LW",28,1,"Penalty",""
"158","10/11","LaLiga","6","10-03-10","H","Real Madrid","Deportivo de La CoruÃ±a","6:01","LW",4,1,"Header","Mesut Ozil"
"159","10/11","LaLiga","6","10-03-10","H","Real Madrid","Deportivo de La CoruÃ±a","6:01","LW",89,6.01,"Left-footed shot","Xabi Alonso"
"160","10/11","LaLiga","7","10/16/10","A","Real Madrid","Malaga CF","1:04","LW",45,0.02,"Right-footed shot","Mesut Ozil"
"161","10/11","LaLiga","7","10/16/10","A","Real Madrid","Malaga CF","1:04","LW",50,0.03,"Penalty",""
"162","10/11","UEFA Champions League","Group Stage","10/19/10","H","Real Madrid","AC Milan","2:00","LW",13,1,"Direct free kick",""
"163","10/11","LaLiga","8","10/23/10","H","Real Madrid","Racing Santander","6:01","LW",15,2,"Right-footed shot","Gonzalo Higuain"
"164","10/11","LaLiga","8","10/23/10","H","Real Madrid","Racing Santander","6:01","LW",26,3,"Left-footed shot","Mesut Ozil"
"165","10/11","LaLiga","8","10/23/10","H","Real Madrid","Racing Santander","6:01","LW",47,4,"Right-footed shot","Angel Di Maria"
"166","10/11","LaLiga","8","10/23/10","H","Real Madrid","Racing Santander","6:01","LW",55,5,"Penalty",""
"167","10/11","LaLiga","9","10/30/10","A","Real Madrid","Hercules CF","1:03","LW",82,1.02,"Right-footed shot","Karim Benzema"
"168","10/11","LaLiga","9","10/30/10","A","Real Madrid","Hercules CF","1:03","LW",86,1.03,"Right-footed shot","Karim Benzema"
"169","10/11","Copa del Rey","4th round","11-10-10","H","Real Madrid","Real Murcia CF","5:01","",76,3,"Left-footed shot","Angel Di Maria"
"170","10/11","LaLiga","12","11/20/10","H","Real Madrid","Athletic Bilbao","5:01","LW",30,2,"Left-footed shot","Mesut Ozil"
"171","10/11","LaLiga","12","11/20/10","H","Real Madrid","Athletic Bilbao","5:01","LW",62,4.01,"Direct free kick",""
"172","10/11","LaLiga","12","11/20/10","H","Real Madrid","Athletic Bilbao","5:01","LW",901,5.01,"Penalty",""
"173","10/11","UEFA Champions League","Group Stage","11/23/10","A","Real Madrid","Ajax Amsterdam","0:04","LW",70,0.03,"Left-footed shot","Angel Di Maria"
"174","10/11","UEFA Champions League","Group Stage","11/23/10","A","Real Madrid","Ajax Amsterdam","0:04","LW",81,0.04,"Penalty",""
"175","10/11","LaLiga","14","12-04-10","H","Real Madrid","Valencia CF","2:00","LW",72,1,"Left-footed shot","Mesut Ozil"
"176","10/11","LaLiga","14","12-04-10","H","Real Madrid","Valencia CF","2:00","LW",86,2,"Right-footed shot",""
"177","10/11","UEFA Champions League","Group Stage","12-08-10","H","Real Madrid","AJ Auxerre","4:00","LW",49,2,"Right-footed shot","Marcelo"
"178","10/11","LaLiga","15","12-12-10","A","Real Madrid","Real Zaragoza","1:03","LW",43,0.02,"Direct free kick",""
"179","10/11","Copa del Rey","last 16","12/22/10","H","Real Madrid","Levante UD","8:00","LW",44,4,"Right-footed shot","Karim Benzema"
"180","10/11","Copa del Rey","last 16","12/22/10","H","Real Madrid","Levante UD","8:00","LW",71,6,"Right-footed shot","Angel Di Maria"
"181","10/11","Copa del Rey","last 16","12/22/10","H","Real Madrid","Levante UD","8:00","LW",73,7,"Right-footed shot","Karim Benzema"
"182","10/11","LaLiga","17","01-03-11","A","Real Madrid","Getafe CF","2:03","LW",11,0.01,"Penalty",""
"183","10/11","LaLiga","17","01-03-11","A","Real Madrid","Getafe CF","2:03","LW",57,1.03,"Right-footed shot","Karim Benzema"
"184","10/11","LaLiga","18","01-09-11","H","Real Madrid","Villarreal CF","4:02","LW",10,1.01,"Right-footed shot","Mesut Ozil"
"185","10/11","LaLiga","18","01-09-11","H","Real Madrid","Villarreal CF","4:02","LW",45,2.02,"Header","Xabi Alonso"
"186","10/11","LaLiga","18","01-09-11","H","Real Madrid","Villarreal CF","4:02","LW",79,3.02,"Left-footed shot","Kaka"
"187","10/11","Copa del Rey","Quarter-Finals","1/13/11","H","Real Madrid","Atletico de Madrid","3:01","LW",60,2.01,"Right-footed shot","Mesut Ozil"
"188","10/11","Copa del Rey","Quarter-Finals","1/20/11","A","Real Madrid","Atletico de Madrid","0:01","CF",22,0.01,"Right-footed shot","Sergio Ramos"
"189","10/11","LaLiga","22","02-06-11","H","Real Madrid","Real Sociedad","4:01","LW",20,2,"Left-footed shot","Kaka"
"190","10/11","LaLiga","22","02-06-11","H","Real Madrid","Real Sociedad","4:01","LW",42,3,"Header","Mesut Ozil"
"191","10/11","LaLiga","26","03-03-11","H","Real Madrid","Malaga CF","7:00","LW",50,4,"Left-footed shot","Mesut Ozil"
"192","10/11","LaLiga","26","03-03-11","H","Real Madrid","Malaga CF","7:00","LW",67,6,"Penalty",""
"193","10/11","LaLiga","26","03-03-11","H","Real Madrid","Malaga CF","7:00","LW",76,7,"Right-footed shot","Sergio Canales"
"194","10/11","UEFA Champions League","Quarter-Finals","04-05-11","H","Real Madrid","Tottenham Hotspur","4:00","LW",87,4,"Right-footed shot","Kaka"
"195","10/11","LaLiga","31","04-09-11","A","Real Madrid","Athletic Bilbao","0:03","CF",70,0.03,"Right-footed shot","Esteban Granero"
"196","10/11","UEFA Champions League","Quarter-Finals","4/13/11","A","Real Madrid","Tottenham Hotspur","0:01","RW",50,0.01,"Right-footed shot","Sami Khedira"
"197","10/11","LaLiga","32","4/16/11","H","Real Madrid","FC Barcelona","1:01","LW",82,1.01,"Penalty",""
"198","10/11","Copa del Rey","Final","4/20/11","A","Real Madrid","FC Barcelona","0:1 AET","CF",103,0.01,"Header","Angel Di Maria"
"199","10/11","LaLiga","35","05-07-11","A","Real Madrid","Sevilla FC","2:06","LW",30,0.02,"Right-footed shot","Pepe"
"200","10/11","LaLiga","35","05-07-11","A","Real Madrid","Sevilla FC","2:06","LW",64,1.04,"Right-footed shot",""
"201","10/11","LaLiga","35","05-07-11","A","Real Madrid","Sevilla FC","2:06","LW",70,1.05,"Right-footed shot","Mesut Ozil"
"202","10/11","LaLiga","35","05-07-11","A","Real Madrid","Sevilla FC","2:06","LW",76,1.06,"Right-footed shot","Karim Benzema"
"203","10/11","LaLiga","36","05-10-11","H","Real Madrid","Getafe CF","4:00","LW",23,1,"Header","Mesut Ozil"
"204","10/11","LaLiga","36","05-10-11","H","Real Madrid","Getafe CF","4:00","LW",57,2,"Left-footed shot","Mesut Ozil"
"205","10/11","LaLiga","36","05-10-11","H","Real Madrid","Getafe CF","4:00","LW",901,4,"Penalty",""
"206","10/11","LaLiga","37","5/15/11","A","Real Madrid","Villarreal CF","1:03","CF",22,0.02,"Direct free kick",""
"207","10/11","LaLiga","37","5/15/11","A","Real Madrid","Villarreal CF","1:03","CF",90,1.03,"Direct free kick",""
"208","10/11","LaLiga","38","5/21/11","H","Real Madrid","UD Almeria","8:01","LW",4,1,"Right-footed shot","Sergio Ramos"
"209","10/11","LaLiga","38","5/21/11","H","Real Madrid","UD Almeria","8:01","LW",76,7.01,"Right-footed shot","Sergio Ramos"
"210","11/12","Supercopa","final","8/17/11","A","Real Madrid","FC Barcelona","3:02","LW",20,1.01,"Right-footed shot","Karim Benzema"
"211","11/12","LaLiga","2","8/28/11","A","Real Madrid","Real Zaragoza","0:06","LW",23,0.01,"Left-footed shot","Mesut Ozil"
"212","11/12","LaLiga","2","8/28/11","A","Real Madrid","Real Zaragoza","0:06","LW",70,0.04,"Right-footed shot","Angel Di Maria"
"213","11/12","LaLiga","2","8/28/11","A","Real Madrid","Real Zaragoza","0:06","LW",86,0.06,"Right-footed shot","Kaka"
"214","11/12","LaLiga","3","09-10-11","H","Real Madrid","Getafe CF","4:02","LW",59,2.01,"Penalty",""
"215","11/12","LaLiga","6","9/24/11","H","Real Madrid","Rayo Vallecano","6:02","LW",39,1.01,"Left-footed shot","Kaka"
"216","11/12","LaLiga","6","9/24/11","H","Real Madrid","Rayo Vallecano","6:02","LW",51,3.01,"Penalty",""
"217","11/12","LaLiga","6","9/24/11","H","Real Madrid","Rayo Vallecano","6:02","LW",84,6.02,"Penalty",""
"218","11/12","UEFA Champions League","Group Stage","9/27/11","H","Real Madrid","Ajax Amsterdam","3:00","LW",25,1,"Right-footed shot","Karim Benzema"
"219","11/12","LaLiga","9","10/22/11","A","Real Madrid","Malaga CF","0:04","LW",24,0.02,"Left-footed shot","Angel Di Maria"
"220","11/12","LaLiga","9","10/22/11","A","Real Madrid","Malaga CF","0:04","LW",28,0.03,"Right-footed shot","Xabi Alonso"
"221","11/12","LaLiga","9","10/22/11","A","Real Madrid","Malaga CF","0:04","LW",38,0.04,"Right-footed shot","Sergio Ramos"
"222","11/12","UEFA Champions League","Group Stage","11-02-11","A","Real Madrid","Olympique Lyon","0:02","LW",25,0.01,"Direct free kick",""
"223","11/12","UEFA Champions League","Group Stage","11-02-11","A","Real Madrid","Olympique Lyon","0:02","LW",69,0.02,"Penalty",""
"224","11/12","LaLiga","12","11-06-11","H","Real Madrid","CA Osasuna","7:01","LW",23,1,"Header","Angel Di Maria"
"225","11/12","LaLiga","12","11-06-11","H","Real Madrid","CA Osasuna","7:01","LW",55,4.01,"Penalty",""
"226","11/12","LaLiga","12","11-06-11","H","Real Madrid","CA Osasuna","7:01","LW",58,5.01,"Header","alvaro Arbeloa"
"227","11/12","LaLiga","13","11/19/11","A","Real Madrid","Valencia CF","2:03","LW",79,1.03,"Right-footed shot","Pepe"
"228","11/12","LaLiga","14","11/26/11","H","Real Madrid","Atletico de Madrid","4:01","LW",24,1.01,"Penalty",""
"229","11/12","LaLiga","14","11/26/11","H","Real Madrid","Atletico de Madrid","4:01","LW",82,4.01,"Penalty",""
"230","11/12","LaLiga","15","12-03-11","A","Real Madrid","Sporting GijÃ³n","0:03","LW",65,0.02,"Right-footed shot","Angel Di Maria"
"231","11/12","Copa del Rey","4th round","12/13/11","A","Real Madrid","SD Ponferradina","0:02","LW",74,0.02,"Left-footed shot","Gonzalo Higuain"
"232","11/12","LaLiga","17","12/17/11","A","Real Madrid","Sevilla FC","2:06","LW",10,0.01,"Right-footed shot","Angel Di Maria"
"233","11/12","LaLiga","17","12/17/11","A","Real Madrid","Sevilla FC","2:06","LW",41,0.03,"Right-footed shot","Karim Benzema"
"234","11/12","LaLiga","17","12/17/11","A","Real Madrid","Sevilla FC","2:06","LW",86,1.05,"Penalty",""
"235","11/12","LaLiga","18","01-07-12","H","Real Madrid","Granada CF","5:01","LW",89,5.01,"Right-footed shot",""
"236","11/12","Copa del Rey","Quarter-Finals","1/18/12","H","Real Madrid","FC Barcelona","1:02","LW",11,1,"Left-footed shot","Karim Benzema"
"237","11/12","LaLiga","1","1/22/12","H","Real Madrid","Athletic Bilbao","4:01","LW",46,2.01,"Penalty",""
"238","11/12","LaLiga","1","1/22/12","H","Real Madrid","Athletic Bilbao","4:01","LW",67,3.01,"Penalty",""
"239","11/12","Copa del Rey","Quarter-Finals","1/25/12","A","Real Madrid","FC Barcelona","2:02","LW",68,2.01,"Right-footed shot","Mesut Ozil"
"240","11/12","LaLiga","21","1/28/12","H","Real Madrid","Real Zaragoza","3:01","LW",48,2.01,"Right-footed shot","Mesut Ozil"
"241","11/12","LaLiga","23","02-12-12","H","Real Madrid","Levante UD","4:02","LW",45,1.01,"Penalty",""
"242","11/12","LaLiga","23","02-12-12","H","Real Madrid","Levante UD","4:02","LW",50,2.01,"Header","Gonzalo Higuain"
"243","11/12","LaLiga","23","02-12-12","H","Real Madrid","Levante UD","4:02","LW",57,3.01,"Right-footed shot","Fabio CoentrÃ£o"
"244","11/12","LaLiga","24","2/18/12","H","Real Madrid","Racing Santander","4:00","LW",6,1,"Header","Kaka"
"245","11/12","UEFA Champions League","last 16","2/21/12","A","Real Madrid","CSKA Moscow","1:01","LW",28,0.01,"Left-footed shot","Fabio CoentrÃ£o"
"246","11/12","LaLiga","25","2/26/12","A","Real Madrid","Rayo Vallecano","0:01","LW",53,0.01,"Right-footed shot",""
"247","11/12","LaLiga","26","03-04-12","H","Real Madrid","RCD Espanyol Barcelona","5:00","LW",23,1,"Left-footed shot","Gonzalo Higuain"
"248","11/12","LaLiga","27","03-10-12","A","Real Madrid","Real Betis Balompie","2:03","LW",52,1.02,"Left-footed shot","Marcelo"
"249","11/12","LaLiga","27","03-10-12","A","Real Madrid","Real Betis Balompie","2:03","LW",73,2.03,"Left-footed shot",""
"250","11/12","UEFA Champions League","last 16","3/14/12","H","Real Madrid","CSKA Moscow","4:01","LW",55,2,"Right-footed shot","Sergio Ramos"
"251","11/12","UEFA Champions League","last 16","3/14/12","H","Real Madrid","CSKA Moscow","4:01","LW",904,4.01,"Right-footed shot","Karim Benzema"
"252","11/12","LaLiga","29","3/21/12","A","Real Madrid","Villarreal CF","1:01","LW",61,0.01,"Right-footed shot","Mesut Ozil"
"253","11/12","LaLiga","30","3/24/12","H","Real Madrid","Real Sociedad","5:01","LW",32,2,"Right-footed shot","Kaka"
"254","11/12","LaLiga","30","3/24/12","H","Real Madrid","Real Sociedad","5:01","LW",55,5.01,"Right-footed shot","Gonzalo Higuain"
"255","11/12","LaLiga","31","3/31/12","A","Real Madrid","CA Osasuna","1:05","LW",37,0.02,"Long distance kick","Xabi Alonso"
"256","11/12","LaLiga","31","3/31/12","A","Real Madrid","CA Osasuna","1:05","LW",70,1.04,"Direct free kick",""
"257","11/12","UEFA Champions League","Quarter-Finals","04-04-12","H","Real Madrid","APOEL Nicosia","5:02","LW",26,1,"Right-footed shot","Marcelo"
"258","11/12","UEFA Champions League","Quarter-Finals","04-04-12","H","Real Madrid","APOEL Nicosia","5:02","LW",75,3.01,"Direct free kick",""
"259","11/12","LaLiga","33","04-11-12","A","Real Madrid","Atletico de Madrid","1:04","LW",24,0.01,"Direct free kick",""
"260","11/12","LaLiga","33","04-11-12","A","Real Madrid","Atletico de Madrid","1:04","LW",67,1.02,"Long distance kick",""
"261","11/12","LaLiga","33","04-11-12","A","Real Madrid","Atletico de Madrid","1:04","LW",82,1.03,"Penalty",""
"262","11/12","LaLiga","34","4/14/12","H","Real Madrid","Sporting GijÃ³n","3:01","LW",74,2.01,"Header","Angel Di Maria"
"263","11/12","LaLiga","35","4/21/12","A","Real Madrid","FC Barcelona","1:02","LW",73,1.02,"Right-footed shot","Mesut Ozil"
"264","11/12","UEFA Champions League","Semi-Finals","4/25/12","H","Real Madrid","Bayern Munich","3:4 on pens","LW",6,1,"Penalty",""
"265","11/12","UEFA Champions League","Semi-Finals","4/25/12","H","Real Madrid","Bayern Munich","3:4 on pens","LW",14,2,"Right-footed shot","Mesut Ozil"
"266","11/12","LaLiga","36","4/29/12","H","Real Madrid","Sevilla FC","3:00","LW",19,1,"Right-footed shot","Karim Benzema"
"267","11/12","LaLiga","20","05-02-12","A","Real Madrid","Athletic Bilbao","0:03","LW",49,0.03,"Header","Xabi Alonso"
"268","11/12","LaLiga","37","05-05-12","A","Real Madrid","Granada CF","1:02","LW",81,1.01,"Penalty",""
"269","11/12","LaLiga","38","5/13/12","H","Real Madrid","RCD Mallorca","4:01","LW",18,1,"Header","Marcelo"
"270","Dec-13","Supercopa","final","8/23/12","A","Real Madrid","FC Barcelona","3:02","LW",55,0.01,"Header","Mesut Ozil"
"271","Dec-13","Supercopa","final","8/29/12","H","Real Madrid","FC Barcelona","2:01","LW",19,2,"Right-footed shot","Sami Khedira"
"272","Dec-13","LaLiga","3","09-02-12","H","Real Madrid","Granada CF","3:00","LW",25,1,"Right-footed shot","Jose CallejÃ³n"
"273","Dec-13","LaLiga","3","09-02-12","H","Real Madrid","Granada CF","3:00","LW",53,2,"Left-footed shot",""
"274","Dec-13","UEFA Champions League","Group Stage","9/18/12","H","Real Madrid","Manchester City","3:02","LW",90,3.02,"Right-footed shot","Marcelo"
"275","Dec-13","LaLiga","5","9/24/12","A","Real Madrid","Rayo Vallecano","0:02","LW",69,0.02,"Penalty",""
"276","Dec-13","LaLiga","6","9/30/12","H","Real Madrid","Deportivo de La CoruÃ±a","5:01","LW",23,1.01,"Penalty",""
"277","Dec-13","LaLiga","6","9/30/12","H","Real Madrid","Deportivo de La CoruÃ±a","5:01","LW",44,3.01,"Header","Sergio Ramos"
"278","Dec-13","LaLiga","6","9/30/12","H","Real Madrid","Deportivo de La CoruÃ±a","5:01","LW",84,5.01,"Penalty",""
"279","Dec-13","UEFA Champions League","Group Stage","10-03-12","A","Real Madrid","Ajax Amsterdam","1:04","LW",42,0.01,"Right-footed shot","Karim Benzema"
"280","Dec-13","UEFA Champions League","Group Stage","10-03-12","A","Real Madrid","Ajax Amsterdam","1:04","LW",79,1.03,"Right-footed shot","Karim Benzema"
"281","Dec-13","UEFA Champions League","Group Stage","10-03-12","A","Real Madrid","Ajax Amsterdam","1:04","LW",81,1.04,"Left-footed shot","Sami Khedira"
"282","Dec-13","LaLiga","7","10-07-12","A","Real Madrid","FC Barcelona","2:02","LW",22,0.01,"Left-footed shot","Karim Benzema"
"283","Dec-13","LaLiga","7","10-07-12","A","Real Madrid","FC Barcelona","2:02","LW",66,2.02,"Right-footed shot","Mesut Ozil"
"284","Dec-13","LaLiga","8","10/20/12","H","Real Madrid","Celta de Vigo","2:00","LW",67,2,"Penalty",""
"285","Dec-13","UEFA Champions League","Group Stage","10/24/12","A","Real Madrid","Borussia Dortmund","2:01","LW",38,1.01,"Right-footed shot","Mesut Ozil"
"286","Dec-13","LaLiga","9","10/28/12","A","Real Madrid","RCD Mallorca","0:05","LW",22,0.02,"Right-footed shot","Gonzalo Higuain"
"287","Dec-13","LaLiga","9","10/28/12","A","Real Madrid","RCD Mallorca","0:05","LW",73,0.04,"Right-footed shot","Gonzalo Higuain"
"288","Dec-13","LaLiga","11","11-11-12","A","Real Madrid","Levante UD","1:02","CF",20,0.01,"Right-footed shot",""
"289","Dec-13","LaLiga","14","12-01-12","H","Real Madrid","Atletico de Madrid","2:00","LW",16,1,"Direct free kick",""
"290","Dec-13","UEFA Champions League","Group Stage","12-04-12","H","Real Madrid","Ajax Amsterdam","4:01","LW",13,1,"Right-footed shot","Karim Benzema"
"291","Dec-13","Copa del Rey","last 16","12-12-12","A","Real Madrid","Celta de Vigo","2:01","LW",87,2.01,"Left-footed shot","Xabi Alonso"
"292","Dec-13","LaLiga","16","12/16/12","H","Real Madrid","RCD Espanyol Barcelona","2:02","CF",45,1.01,"Right-footed shot","Sami Khedira"
"293","Dec-13","LaLiga","18","01-06-13","H","Real Madrid","Real Sociedad","4:03","LW ",67,3.02,"Left-footed shot","Karim Benzema"
"294","Dec-13","LaLiga","18","01-06-13","H","Real Madrid","Real Sociedad","4:03","LW ",70,4.02,"Direct free kick",""
"295","Dec-13","Copa del Rey","last 16","01-09-13","H","Real Madrid","Celta de Vigo","4:00","LW",2,1,"Right-footed shot","alvaro Arbeloa"
"296","Dec-13","Copa del Rey","last 16","01-09-13","H","Real Madrid","Celta de Vigo","4:00","LW",24,2,"Left-footed shot","Luka Modric"
"297","Dec-13","Copa del Rey","last 16","01-09-13","H","Real Madrid","Celta de Vigo","4:00","LW",87,3,"Left-footed shot","Gonzalo Higuain"
"298","Dec-13","LaLiga","20","1/20/13","A","Real Madrid","Valencia CF","0:05","LW",35,0.03,"Left-footed shot","Fabio CoentrÃ£o"
"299","Dec-13","LaLiga","20","1/20/13","A","Real Madrid","Valencia CF","0:05","LW",41,0.04,"Right-footed shot","Mesut Ozil"
"300","Dec-13","LaLiga","21","1/27/13","H","Real Madrid","Getafe CF","4:00","LW",62,2,"Left-footed shot","Mesut Ozil"
"301","Dec-13","LaLiga","21","1/27/13","H","Real Madrid","Getafe CF","4:00","LW",65,3,"Header","Angel Di Maria"
"302","Dec-13","LaLiga","21","1/27/13","H","Real Madrid","Getafe CF","4:00","LW",72,4,"Penalty",""
"303","Dec-13","LaLiga","23","02-09-13","H","Real Madrid","Sevilla FC","4:01","LW",26,2,"Left-footed shot","Kaka"
"304","Dec-13","LaLiga","23","02-09-13","H","Real Madrid","Sevilla FC","4:01","LW",46,3,"Left-footed shot","alvaro Arbeloa"
"305","Dec-13","LaLiga","23","02-09-13","H","Real Madrid","Sevilla FC","4:01","LW",59,4,"Right-footed shot","Gonzalo Higuain"
"306","Dec-13","UEFA Champions League","last 16","2/13/13","H","Real Madrid","Manchester United","1:01","LW",30,1.01,"Header","Angel Di Maria"
"307","Dec-13","Copa del Rey","Semi-Finals","2/26/13","A","Real Madrid","FC Barcelona","1:03","LW",12,0.01,"Penalty",""
"308","Dec-13","Copa del Rey","Semi-Finals","2/26/13","A","Real Madrid","FC Barcelona","1:03","LW",57,0.02,"Left-footed shot",""
"309","Dec-13","UEFA Champions League","last 16","03-05-13","A","Real Madrid","Manchester United","1:02","LW",69,1.02,"Right-footed shot","Gonzalo Higuain"
"310","Dec-13","LaLiga","27","03-10-13","A","Real Madrid","Celta de Vigo","1:02","LW",61,0.01,"Left-footed shot","Jose CallejÃ³n"
"311","Dec-13","LaLiga","27","03-10-13","A","Real Madrid","Celta de Vigo","1:02","LW",71,1.02,"Penalty",""
"312","Dec-13","LaLiga","28","3/16/13","H","Real Madrid","RCD Mallorca","5:02","LW",52,2.02,"Header","Mesut Ozil"
"313","Dec-13","LaLiga","29","3/30/13","A","Real Madrid","Real Zaragoza","1:01","LW",38,1.01,"Long distance kick",""
"314","Dec-13","UEFA Champions League","Quarter-Finals","04-03-13","H","Real Madrid","Galatasaray","3:00","LW",9,1,"Left-footed shot","Mesut Ozil"
"315","Dec-13","LaLiga","30","04-06-13","H","Real Madrid","Levante UD","5:01","CF",84,3.01,"Right-footed shot","Gonzalo Higuain"
"316","Dec-13","UEFA Champions League","Quarter-Finals","04-09-13","A","Real Madrid","Galatasaray","3:02","LW",8,0.01,"Right-footed shot","Sami Khedira"
"317","Dec-13","UEFA Champions League","Quarter-Finals","04-09-13","A","Real Madrid","Galatasaray","3:02","LW",902,3.02,"Right-footed shot","Karim Benzema"
"318","Dec-13","LaLiga","31","4/14/13","A","Real Madrid","Athletic Bilbao","0:03","LW",2,0.01,"Direct free kick",""
"319","Dec-13","LaLiga","31","4/14/13","A","Real Madrid","Athletic Bilbao","0:03","LW",68,0.02,"Header","Xabi Alonso"
"320","Dec-13","UEFA Champions League","Semi-Finals","4/24/13","A","Real Madrid","Borussia Dortmund","4:01","LW",43,1.01,"Right-footed shot","Gonzalo Higuain"
"321","Dec-13","LaLiga","34","05-04-13","H","Real Madrid","Real Valladolid CF","4:03","LW",32,2.01,"Header","Angel Di Maria"
"322","Dec-13","LaLiga","34","05-04-13","H","Real Madrid","Real Valladolid CF","4:03","LW",70,4.02,"Header","Mesut Ozil"
"323","Dec-13","LaLiga","36","05-08-13","H","Real Madrid","Malaga CF","6:02","LW ",26,2.01,"Right-footed shot","Xabi Alonso"
"324","Dec-13","Copa del Rey","Final","5/17/13","A","Real Madrid","Atletico de Madrid","2:1 AET","LW",14,0.01,"Header","Luka Modric"
"325","13/14","LaLiga","3","09-01-13","H","Real Madrid","Athletic Bilbao","3:01","LW",45,2,"Header","Angel Di Maria"
"326","13/14","LaLiga","4","9/14/13","A","Real Madrid","Villarreal CF","2:02","LW",64,1.02,"Right-footed shot",""
"327","13/14","UEFA Champions League","Group Stage","9/17/13","A","Real Madrid","Galatasaray","1:06","LW",63,0.03,"Left-footed shot","Isco"
"328","13/14","UEFA Champions League","Group Stage","9/17/13","A","Real Madrid","Galatasaray","1:06","LW",66,0.04,"Tap-in","Sergio Ramos"
"329","13/14","UEFA Champions League","Group Stage","9/17/13","A","Real Madrid","Galatasaray","1:06","LW",90,1.06,"Left-footed shot","Karim Benzema"
"330","13/14","LaLiga","5","9/22/13","H","Real Madrid","Getafe CF","4:01","LW",34,2.01,"Penalty",""
"331","13/14","LaLiga","5","9/22/13","H","Real Madrid","Getafe CF","4:01","LW",90,4.01,"Right-footed shot","Sami Khedira"
"332","13/14","LaLiga","6","9/25/13","A","Real Madrid","Elche CF","1:02","LW",51,0.01,"Direct free kick",""
"333","13/14","LaLiga","6","9/25/13","A","Real Madrid","Elche CF","1:02","LW",906,1.02,"Penalty",""
"334","13/14","UEFA Champions League","Group Stage","10-02-13","H","Real Madrid","FC Copenhagen","4:00","LW",21,1,"Header","Marcelo"
"335","13/14","UEFA Champions League","Group Stage","10-02-13","H","Real Madrid","FC Copenhagen","4:00","LW",65,2,"Header","Angel Di Maria"
"336","13/14","LaLiga","8","10-05-13","A","Real Madrid","Levante UD","2:03","LW",904,2.03,"Right-footed shot","Luka Modric"
"337","13/14","LaLiga","9","10/19/13","H","Real Madrid","Malaga CF","2:00","LW",901,2,"Penalty",""
"338","13/14","UEFA Champions League","Group Stage","10/23/13","H","Real Madrid","Juventus FC","2:01","LW",4,1,"Right-footed shot","Angel Di Maria"
"339","13/14","UEFA Champions League","Group Stage","10/23/13","H","Real Madrid","Juventus FC","2:01","LW",29,2.01,"Penalty",""
"340","13/14","LaLiga","11","10/30/13","H","Real Madrid","Sevilla FC","7:03","LW",31,3,"Penalty",""
"341","13/14","LaLiga","11","10/30/13","H","Real Madrid","Sevilla FC","7:03","LW",60,5.02,"Right-footed shot","Gareth Bale"
"342","13/14","LaLiga","11","10/30/13","H","Real Madrid","Sevilla FC","7:03","LW",71,6.03,"Right-footed shot","Karim Benzema"
"343","13/14","LaLiga","12","11-02-13","A","Real Madrid","Rayo Vallecano","2:03","LW",3,0.01,"Right-footed shot","Luka Modric"
"344","13/14","LaLiga","12","11-02-13","A","Real Madrid","Rayo Vallecano","2:03","LW",48,0.03,"Right-footed shot","Gareth Bale"
"345","13/14","UEFA Champions League","Group Stage","11-05-13","A","Real Madrid","Juventus FC","2:02","LW",52,1.01,"Right-footed shot","Karim Benzema"
"346","13/14","LaLiga","13","11-09-13","H","Real Madrid","Real Sociedad","5:01","LW",12,1,"Right-footed shot","Karim Benzema"
"347","13/14","LaLiga","13","11-09-13","H","Real Madrid","Real Sociedad","5:01","LW",27,3,"Penalty",""
"348","13/14","LaLiga","13","11-09-13","H","Real Madrid","Real Sociedad","5:01","LW",76,5.01,"Direct free kick",""
"349","13/14","LaLiga","14","11/23/13","A","Real Madrid","UD Almeria","0:05","LW",3,0.01,"Left-footed shot","Isco"
"350","13/14","UEFA Champions League","Group Stage","12-10-13","A","Real Madrid","FC Copenhagen","0:02","LW",48,0.02,"Right-footed shot","Pepe"
"351","13/14","LaLiga","17","12/22/13","A","Real Madrid","Valencia CF","2:03","LW",40,1.02,"Header","Angel Di Maria"
"352","13/14","LaLiga","18","01-06-14","H","Real Madrid","Celta de Vigo","3:00","LW",82,2,"Right-footed shot","Daniel Carvajal"
"353","13/14","LaLiga","18","01-06-14","H","Real Madrid","Celta de Vigo","3:00","LW",90,3,"Right-footed shot","Gareth Bale"
"354","13/14","Copa del Rey","last 16","1/15/14","A","Real Madrid","CA Osasuna","0:02","LW",22,0.01,"Direct free kick",""
"355","13/14","LaLiga","20","1/18/14","A","Real Madrid","Real Betis Balompie","0:05","LW",10,0.01,"Right-footed shot","Angel Di Maria"
"356","13/14","LaLiga","21","1/25/14","H","Real Madrid","Granada CF","2:00","LW",57,1,"Right-footed shot","Luka Modric"
"357","13/14","Copa del Rey","Semi-Finals","02-11-14","A","Real Madrid","Atletico de Madrid","0:02","LW",6,0.01,"Penalty",""
"358","13/14","Copa del Rey","Semi-Finals","02-11-14","A","Real Madrid","Atletico de Madrid","0:02","LW",15,0.02,"Penalty",""
"359","13/14","UEFA Champions League","last 16","2/26/14","A","Real Madrid","FC Schalke 04","1:06","LW",52,0.03,"Left-footed shot","Gareth Bale"
"360","13/14","UEFA Champions League","last 16","2/26/14","A","Real Madrid","FC Schalke 04","1:06","LW",89,0.06,"Right-footed shot","Karim Benzema"
"361","13/14","LaLiga","26","03-02-14","A","Real Madrid","Atletico de Madrid","2:02","LW",82,2.02,"Right-footed shot","Gareth Bale"
"362","13/14","LaLiga","27","03-09-14","H","Real Madrid","Levante UD","3:00","LW",11,1,"Header","Angel Di Maria"
"363","13/14","LaLiga","28","3/15/14","A","Real Madrid","Malaga CF","0:01","LW",23,0.01,"Right-footed shot","Gareth Bale"
"364","13/14","UEFA Champions League","last 16","3/18/14","H","Real Madrid","FC Schalke 04","3:01","LW",22,1,"Right-footed shot","Gareth Bale"
"365","13/14","UEFA Champions League","last 16","3/18/14","H","Real Madrid","FC Schalke 04","3:01","LW",74,2.01,"Right-footed shot",""
"366","13/14","LaLiga","29","3/23/14","H","Real Madrid","FC Barcelona","3:04","LW",55,3.02,"Penalty",""
"367","13/14","LaLiga","30","3/26/14","A","Real Madrid","Sevilla FC","2:01","LW",14,0.01,"Direct free kick",""
"368","13/14","LaLiga","31","3/29/14","H","Real Madrid","Rayo Vallecano","5:00","LW",15,1,"Right-footed shot","Gareth Bale"
"369","13/14","UEFA Champions League","Quarter-Finals","04-02-14","H","Real Madrid","Borussia Dortmund","3:00","LW",57,3,"Left-footed shot","Luka Modric"
"370","13/14","LaLiga","35","4/26/14","H","Real Madrid","CA Osasuna","4:00","LW",6,1,"Long distance kick","Angel Di Maria"
"371","13/14","LaLiga","35","4/26/14","H","Real Madrid","CA Osasuna","4:00","LW",52,2,"Long distance kick","Isco"
"372","13/14","UEFA Champions League","Semi-Finals","4/29/14","A","Real Madrid","Bayern Munich","0:04","LW",34,0.03,"Counter attack goal","Gareth Bale"
"373","13/14","UEFA Champions League","Semi-Finals","4/29/14","A","Real Madrid","Bayern Munich","0:04","LW",90,0.04,"Direct free kick",""
"374","13/14","LaLiga","36","05-04-14","H","Real Madrid","Valencia CF","2:02","LW",90,2.02,"Right-footed shot","Angel Di Maria"
"375","13/14","UEFA Champions League","Final","5/24/14","H","Real Madrid","Atletico de Madrid","4:1 AET","LW",120,4.01,"Penalty",""
"376","14/15","UEFA Super Cup","Final","08-12-14","H","Real Madrid","Sevilla FC","2:00","LW",30,1,"Right-footed shot","Gareth Bale"
"377","14/15","UEFA Super Cup","Final","08-12-14","H","Real Madrid","Sevilla FC","2:00","LW",49,2,"Left-footed shot","Karim Benzema"
"378","14/15","LaLiga","1","8/25/14","H","Real Madrid","CÃ³rdoba CF","2:00","LW",90,2,"Right-footed shot","Isco"
"379","14/15","LaLiga","3","9/13/14","H","Real Madrid","Atletico de Madrid","1:02","LW",25,1.01,"Penalty",""
"380","14/15","UEFA Champions League","Group Stage","9/16/14","H","Real Madrid","FC Basel 1893","5:01","LW",31,3,"Right-footed shot","Gareth Bale"
"381","14/15","LaLiga","4","9/20/14","A","Real Madrid","Deportivo de La CoruÃ±a","2:08","RW",29,0.01,"Header","alvaro Arbeloa"
"382","14/15","LaLiga","4","9/20/14","A","Real Madrid","Deportivo de La CoruÃ±a","2:08","RW",41,0.03,"Left-footed shot","Karim Benzema"
"383","14/15","LaLiga","4","9/20/14","A","Real Madrid","Deportivo de La CoruÃ±a","2:08","RW",78,1.06,"Left-footed shot","James Rodriguez"
"384","14/15","LaLiga","5","9/23/14","H","Real Madrid","Elche CF","5:01","CF",28,2.01,"Penalty",""
"385","14/15","LaLiga","5","9/23/14","H","Real Madrid","Elche CF","5:01","CF",32,3.01,"Header","Marcelo"
"386","14/15","LaLiga","5","9/23/14","H","Real Madrid","Elche CF","5:01","CF",80,4.01,"Penalty",""
"387","14/15","LaLiga","5","9/23/14","H","Real Madrid","Elche CF","5:01","CF",90,5.01,"Right-footed shot","Gareth Bale"
"388","14/15","LaLiga","6","9/27/14","A","Real Madrid","Villarreal CF","0:02","CF",40,0.02,"Right-footed shot","Karim Benzema"
"389","14/15","UEFA Champions League","Group Stage","10-01-14","A","Real Madrid","Ludogorets Razgrad","1:02","CF",25,1.01,"Penalty",""
"390","14/15","LaLiga","7","10-05-14","H","Real Madrid","Athletic Bilbao","5:00","LW",3,1,"Header","Gareth Bale"
"391","14/15","LaLiga","7","10-05-14","H","Real Madrid","Athletic Bilbao","5:00","LW",55,3,"Right-footed shot","Gareth Bale"
"392","14/15","LaLiga","7","10-05-14","H","Real Madrid","Athletic Bilbao","5:00","LW",89,5,"Deflected shot on goal","Pepe"
"393","14/15","LaLiga","8","10/18/14","A","Real Madrid","Levante UD","0:05","CF",13,0.01,"Penalty",""
"394","14/15","LaLiga","8","10/18/14","A","Real Madrid","Levante UD","0:05","CF",61,0.03,"Right-footed shot","Isco"
"395","14/15","UEFA Champions League","Group Stage","10/22/14","A","Real Madrid","Liverpool FC","0:03","CF",23,0.01,"Right-footed shot","James Rodriguez"
"396","14/15","LaLiga","9","10/25/14","H","Real Madrid","FC Barcelona","3:01","CF",35,1.01,"Penalty",""
"397","14/15","LaLiga","10","11-01-14","A","Real Madrid","Granada CF","0:04","CF",2,0.01,"Right-footed shot","Karim Benzema"
"398","14/15","LaLiga","11","11-08-14","H","Real Madrid","Rayo Vallecano","5:01","CF",83,5.01,"Right-footed shot","Isco"
"399","14/15","LaLiga","12","11/22/14","A","Real Madrid","SD Eibar","0:04","CF",43,0.02,"Right-footed shot","Daniel Carvajal"
"400","14/15","LaLiga","12","11/22/14","A","Real Madrid","SD Eibar","0:04","CF",83,0.04,"Penalty",""
"401","14/15","UEFA Champions League","Group Stage","11/26/14","A","Real Madrid","FC Basel 1893","0:01","LW",35,0.01,"Left-footed shot","Karim Benzema"
"402","14/15","LaLiga","14","12-06-14","H","Real Madrid","Celta de Vigo","3:00","CF",36,1,"Penalty",""
"403","14/15","LaLiga","14","12-06-14","H","Real Madrid","Celta de Vigo","3:00","CF",65,2,"Right-footed shot",""
"404","14/15","LaLiga","14","12-06-14","H","Real Madrid","Celta de Vigo","3:00","CF",81,3,"Left-footed shot","Marcelo"
"405","14/15","UEFA Champions League","Group Stage","12-09-14","H","Real Madrid","Ludogorets Razgrad","4:00","CF ",20,1,"Penalty",""
"406","14/15","LaLiga","15","12-12-14","A","Real Madrid","UD Almeria","1:04","CF",81,1.03,"Right-footed shot","Karim Benzema"
"407","14/15","LaLiga","15","12-12-14","A","Real Madrid","UD Almeria","1:04","CF",89,1.04,"Right-footed shot","Daniel Carvajal"
"408","14/15","LaLiga","17","01-04-15","A","Real Madrid","Valencia CF","2:01","LW",14,0.01,"Penalty",""
"409","14/15","Copa del Rey","last 16","1/15/15","H","Real Madrid","Atletico de Madrid","2:02","CF",54,2.02,"Header","Gareth Bale"
"410","14/15","LaLiga","19","1/18/15","A","Real Madrid","Getafe CF","0:03","LW",63,0.01,"Left-footed shot","Karim Benzema"
"411","14/15","LaLiga","19","1/18/15","A","Real Madrid","Getafe CF","0:03","LW",79,0.03,"Header","James Rodriguez"
"412","14/15","UEFA Champions League","last 16","2/18/15","A","Real Madrid","FC Schalke 04","0:02","LW",26,0.01,"Header","Daniel Carvajal"
"413","14/15","LaLiga","24","2/22/15","A","Real Madrid","Elche CF","0:02","CF",69,0.02,"Header","Isco"
"414","14/15","LaLiga","25","03-01-15","H","Real Madrid","Villarreal CF","1:01","CF",52,1,"Penalty",""
"415","14/15","UEFA Champions League","last 16","03-10-15","H","Real Madrid","FC Schalke 04","3:04","CF",25,1.01,"Header","Toni Kroos"
"416","14/15","UEFA Champions League","last 16","03-10-15","H","Real Madrid","FC Schalke 04","3:04","CF",45,2.02,"Header","Fabio CoentrÃ£o"
"417","14/15","LaLiga","28","3/22/15","A","Real Madrid","FC Barcelona","2:01","LW",31,1.01,"Right-footed shot","Karim Benzema"
"418","14/15","LaLiga","29","04-05-15","H","Real Madrid","Granada CF","9:01","CF",30,2,"Right-footed shot","James Rodriguez"
"419","14/15","LaLiga","29","04-05-15","H","Real Madrid","Granada CF","9:01","CF",36,3,"Right-footed shot",""
"420","14/15","LaLiga","29","04-05-15","H","Real Madrid","Granada CF","9:01","CF",38,4,"Long distance kick","Gareth Bale"
"421","14/15","LaLiga","29","04-05-15","H","Real Madrid","Granada CF","9:01","CF",54,6,"Header","Gareth Bale"
"422","14/15","LaLiga","29","04-05-15","H","Real Madrid","Granada CF","9:01","CF",90,9.01,"Header","Luka Modric"
"423","14/15","LaLiga","30","04-08-15","A","Real Madrid","Rayo Vallecano","0:02","LW",68,0.01,"Header","Daniel Carvajal"
"424","14/15","LaLiga","31","04-11-15","H","Real Madrid","SD Eibar","3:00","LW",21,1,"Direct free kick",""
"425","14/15","LaLiga","32","4/18/15","H","Real Madrid","Malaga CF","3:01","CF",902,3.01,"Left-footed shot","Chicharito"
"426","14/15","LaLiga","35","05-02-15","A","Real Madrid","Sevilla FC","2:03","CF",36,0.01,"Header","Isco"
"427","14/15","LaLiga","35","05-02-15","A","Real Madrid","Sevilla FC","2:03","CF",37,0.02,"Right-footed shot","Chicharito"
"428","14/15","LaLiga","35","05-02-15","A","Real Madrid","Sevilla FC","2:03","CF",69,1.03,"Header","Gareth Bale"
"429","14/15","UEFA Champions League","Semi-Finals","05-05-15","A","Real Madrid","Juventus FC","2:01","CF",27,1.01,"Header","James Rodriguez"
"430","14/15","UEFA Champions League","Semi-Finals","5/13/15","H","Real Madrid","Juventus FC","1:01","LW",23,1,"Penalty",""
"431","14/15","LaLiga","37","5/17/15","A","Real Madrid","RCD Espanyol Barcelona","1:04","LW",59,0.01,"Left-footed shot","Karim Benzema"
"432","14/15","LaLiga","37","5/17/15","A","Real Madrid","RCD Espanyol Barcelona","1:04","LW",83,1.03,"Right-footed shot","Chicharito"
"433","14/15","LaLiga","37","5/17/15","A","Real Madrid","RCD Espanyol Barcelona","1:04","LW",901,1.04,"Header","James Rodriguez"
"434","14/15","LaLiga","38","5/23/15","H","Real Madrid","Getafe CF","7:03","LW",13,1,"Header","Marcelo"
"435","14/15","LaLiga","38","5/23/15","H","Real Madrid","Getafe CF","7:03","LW",32,2.02,"Direct free kick",""
"436","14/15","LaLiga","38","5/23/15","H","Real Madrid","Getafe CF","7:03","LW",34,3.02,"Penalty",""
"437","15/16","LaLiga","3","09-12-15","A","Real Madrid","RCD Espanyol Barcelona","0:06","LW",7,0.01,"Right-footed shot","Luka Modric"
"438","15/16","LaLiga","3","09-12-15","A","Real Madrid","RCD Espanyol Barcelona","0:06","LW",17,0.02,"Penalty",""
"439","15/16","LaLiga","3","09-12-15","A","Real Madrid","RCD Espanyol Barcelona","0:06","LW",20,0.03,"Left-footed shot","Gareth Bale"
"440","15/16","LaLiga","3","09-12-15","A","Real Madrid","RCD Espanyol Barcelona","0:06","LW",62,0.05,"Right-footed shot","Gareth Bale"
"441","15/16","LaLiga","3","09-12-15","A","Real Madrid","RCD Espanyol Barcelona","0:06","LW",81,0.06,"Right-footed shot","Lucas Vazquez"
"442","15/16","UEFA Champions League","Group Stage","9/15/15","H","Real Madrid","Shakhtar Donetsk","4:00","LW",56,2,"Penalty",""
"443","15/16","UEFA Champions League","Group Stage","9/15/15","H","Real Madrid","Shakhtar Donetsk","4:00","LW",64,3,"Penalty",""
"444","15/16","UEFA Champions League","Group Stage","9/15/15","H","Real Madrid","Shakhtar Donetsk","4:00","LW",82,4,"Header",""
"445","15/16","UEFA Champions League","Group Stage","9/30/15","A","Real Madrid","MalmÃ¶ FF","0:02","LW ",29,0.01,"Right-footed shot","Isco"
"446","15/16","UEFA Champions League","Group Stage","9/30/15","A","Real Madrid","MalmÃ¶ FF","0:02","LW ",90,0.02,"Left-footed shot","Lucas Vazquez"
"447","15/16","LaLiga","8","10/17/15","H","Real Madrid","Levante UD","3:00","CF",30,2,"Right-footed shot","Toni Kroos"
"448","15/16","LaLiga","9","10/24/15","A","Real Madrid","Celta de Vigo","1:03","CF",8,0.01,"Right-footed shot","Lucas Vazquez"
"449","15/16","LaLiga","10","10/31/15","H","Real Madrid","UD Las Palmas","3:01","CF",14,2,"Header","Marcelo"
"450","15/16","UEFA Champions League","Group Stage","11/25/15","A","Real Madrid","Shakhtar Donetsk","3:04","CF",18,0.01,"Header","Gareth Bale"
"451","15/16","UEFA Champions League","Group Stage","11/25/15","A","Real Madrid","Shakhtar Donetsk","3:04","CF",70,0.04,"Right-footed shot","Gareth Bale"
"452","15/16","LaLiga","13","11/29/15","A","Real Madrid","SD Eibar","0:02","CF",82,0.02,"Penalty",""
"453","15/16","LaLiga","14","12-05-15","H","Real Madrid","Getafe CF","4:01","LW",38,4,"Right-footed shot","Toni Kroos"
"454","15/16","UEFA Champions League","Group Stage","12-08-15","H","Real Madrid","MalmÃ¶ FF","8:00","LW",39,3,"Direct free kick",""
"455","15/16","UEFA Champions League","Group Stage","12-08-15","H","Real Madrid","MalmÃ¶ FF","8:00","LW",47,4,"Tap-in",""
"456","15/16","UEFA Champions League","Group Stage","12-08-15","H","Real Madrid","MalmÃ¶ FF","8:00","LW",50,5,"Right-footed shot","Danilo"
"457","15/16","UEFA Champions League","Group Stage","12-08-15","H","Real Madrid","MalmÃ¶ FF","8:00","LW",59,6,"Right-footed shot","Isco"
"458","15/16","LaLiga","16","12/20/15","H","Real Madrid","Rayo Vallecano","10:02","LW",30,3.02,"Penalty",""
"459","15/16","LaLiga","16","12/20/15","H","Real Madrid","Rayo Vallecano","10:02","LW",54,6.02,"Header","James Rodriguez"
"460","15/16","LaLiga","17","12/30/15","H","Real Madrid","Real Sociedad","3:01","LW",42,1,"Penalty",""
"461","15/16","LaLiga","17","12/30/15","H","Real Madrid","Real Sociedad","3:01","LW",68,2.01,"Left-footed shot","Marcelo"
"462","15/16","LaLiga","20","1/17/16","H","Real Madrid","Sporting GijÃ³n","5:01","LW",9,2,"Left-footed shot","Karim Benzema"
"463","15/16","LaLiga","20","1/17/16","H","Real Madrid","Sporting GijÃ³n","5:01","LW",18,4,"Left-footed shot","Daniel Carvajal"
"464","15/16","LaLiga","22","1/31/16","H","Real Madrid","RCD Espanyol Barcelona","6:00","LW",12,2,"Penalty",""
"465","15/16","LaLiga","22","1/31/16","H","Real Madrid","RCD Espanyol Barcelona","6:00","LW",45,4,"Left-footed shot",""
"466","15/16","LaLiga","22","1/31/16","H","Real Madrid","RCD Espanyol Barcelona","6:00","LW",82,5,"Header","Jese"
"467","15/16","LaLiga","24","2/13/16","H","Real Madrid","Athletic Bilbao","4:02","LW",3,1,"Right-footed shot","Karim Benzema"
"468","15/16","LaLiga","24","2/13/16","H","Real Madrid","Athletic Bilbao","4:02","LW",87,4.01,"Right-footed shot","Lucas Vazquez"
"469","15/16","UEFA Champions League","last 16","2/17/16","A","Real Madrid","AS Roma","0:02","LW",57,0.01,"Right-footed shot","Marcelo"
"470","15/16","LaLiga","25","2/21/16","A","Real Madrid","Malaga CF","1:01","LW",33,0.01,"Header","Toni Kroos"
"471","15/16","LaLiga","27","03-02-16","A","Real Madrid","Levante UD","1:03","LW",34,0.01,"Penalty",""
"472","15/16","LaLiga","28","03-05-16","H","Real Madrid","Celta de Vigo","7:01","LW",50,2,"Long distance kick","Sergio Ramos"
"473","15/16","LaLiga","28","03-05-16","H","Real Madrid","Celta de Vigo","7:01","LW",58,3,"Direct free kick",""
"474","15/16","LaLiga","28","03-05-16","H","Real Madrid","Celta de Vigo","7:01","LW",64,4.01,"Right-footed shot","Isco"
"475","15/16","LaLiga","28","03-05-16","H","Real Madrid","Celta de Vigo","7:01","LW",76,5.01,"Header","Jese"
"476","15/16","UEFA Champions League","last 16","03-08-16","H","Real Madrid","AS Roma","2:00","CF",64,1,"Right-footed shot","Lucas Vazquez"
"477","15/16","LaLiga","30","3/20/16","H","Real Madrid","Sevilla FC","4:00","LW",64,2,"Left-footed shot","Danilo"
"478","15/16","LaLiga","31","04-02-16","A","Real Madrid","FC Barcelona","1:02","LW",85,1.02,"Right-footed shot","Gareth Bale"
"479","15/16","LaLiga","32","04-09-16","H","Real Madrid","SD Eibar","4:00","CF",19,3,"Right-footed shot","Jese"
"480","15/16","UEFA Champions League","Quarter-Finals","04-12-16","H","Real Madrid","VfL Wolfsburg","3:00","LW",16,1,"Right-footed shot","Daniel Carvajal"
"481","15/16","UEFA Champions League","Quarter-Finals","04-12-16","H","Real Madrid","VfL Wolfsburg","3:00","LW",17,2,"Header","Toni Kroos"
"482","15/16","UEFA Champions League","Quarter-Finals","04-12-16","H","Real Madrid","VfL Wolfsburg","3:00","LW",77,3,"Direct free kick",""
"483","15/16","LaLiga","33","4/16/16","A","Real Madrid","Getafe CF","1:05","LW",902,1.05,"Left-footed shot","Jese"
"484","15/16","LaLiga","37","05-08-16","H","Real Madrid","Valencia CF","3:02","LW",26,1,"Right-footed shot","Marcelo"
"485","15/16","LaLiga","37","05-08-16","H","Real Madrid","Valencia CF","3:02","LW",59,3.01,"Left-footed shot","James Rodriguez"
"486","15/16","LaLiga","38","5/14/16","A","Real Madrid","Deportivo de La CoruÃ±a","0:02","LW",8,0.01,"Left-footed shot","Karim Benzema"
"487","15/16","LaLiga","38","5/14/16","A","Real Madrid","Deportivo de La CoruÃ±a","0:02","LW",25,0.02,"Header","Toni Kroos"
"488","16/17","LaLiga","3","09-10-16","H","Real Madrid","CA Osasuna","5:02","LW",6,1,"Right-footed shot","Gareth Bale"
"489","16/17","UEFA Champions League","Group Stage","9/14/16","H","Real Madrid","Sporting CP","2:01","LW",89,1.01,"Direct free kick",""
"490","16/17","UEFA Champions League","Group Stage","9/27/16","A","Real Madrid","Borussia Dortmund","2:02","LW",17,0.01,"Right-footed shot","Gareth Bale"
"491","16/17","LaLiga","8","10/15/16","A","Real Madrid","Real Betis Balompie","1:06","LW",78,1.06,"Right-footed shot","alvaro Morata"
"492","16/17","LaLiga","10","10/29/16","A","Real Madrid","Deportivo Alaves","1:04","LW",17,1.01,"Penalty",""
"493","16/17","LaLiga","10","10/29/16","A","Real Madrid","Deportivo Alaves","1:04","LW",33,1.02,"Right-footed shot","Karim Benzema"
"494","16/17","LaLiga","10","10/29/16","A","Real Madrid","Deportivo Alaves","1:04","LW",88,1.04,"Right-footed shot","Marcelo"
"495","16/17","LaLiga","12","11/19/16","A","Real Madrid","Atletico de Madrid","0:03","CF",23,0.01,"Direct free kick",""
"496","16/17","LaLiga","12","11/19/16","A","Real Madrid","Atletico de Madrid","0:03","CF",71,0.02,"Penalty",""
"497","16/17","LaLiga","12","11/19/16","A","Real Madrid","Atletico de Madrid","0:03","CF",77,0.03,"Right-footed shot","Gareth Bale"
"498","16/17","LaLiga","13","11/26/16","H","Real Madrid","Sporting GijÃ³n","2:01","LW",5,1,"Penalty",""
"499","16/17","LaLiga","13","11/26/16","H","Real Madrid","Sporting GijÃ³n","2:01","LW",18,2,"Header","Nacho Fernandez"
"500","16/17","FIFA Club World Cup","Semi-Finals","12/15/16","A","Real Madrid","CF America","0:02","LW",903,0.02,"Right-footed shot","James Rodriguez"
"501","16/17","FIFA Club World Cup","Final","12/18/16","H","Real Madrid","Kashima Antlers","4:2 AET","LW",60,2.02,"Penalty",""
"502","16/17","FIFA Club World Cup","Final","12/18/16","H","Real Madrid","Kashima Antlers","4:2 AET","LW",97,3.02,"Left-footed shot","Karim Benzema"
"503","16/17","FIFA Club World Cup","Final","12/18/16","H","Real Madrid","Kashima Antlers","4:2 AET","LW",104,4.02,"Left-footed shot","Toni Kroos"
"504","16/17","LaLiga","17","01-07-17","H","Real Madrid","Granada CF","5:00","LW",27,3,"Header","Marcelo"
"505","16/17","LaLiga","18","1/15/17","A","Real Madrid","Sevilla FC","2:01","CF",67,0.01,"Penalty",""
"506","16/17","Copa del Rey","Quarter-Finals","1/25/17","A","Real Madrid","Celta de Vigo","2:02","CF",62,1.01,"Direct free kick",""
"507","16/17","LaLiga","20","1/29/17","H","Real Madrid","Real Sociedad","3:00","LW",51,2,"Right-footed shot","Mateo Kovacic"
"508","16/17","LaLiga","22","02-11-17","A","Real Madrid","CA Osasuna","1:03","CF",24,0.01,"Right-footed shot","Karim Benzema"
"509","16/17","LaLiga","16","2/22/17","A","Real Madrid","Valencia CF","2:01","LW",44,2.01,"Header","Marcelo"
"510","16/17","LaLiga","24","2/26/17","A","Real Madrid","Villarreal CF","2:03","LW",74,2.02,"Penalty",""
"511","16/17","LaLiga","25","03-01-17","H","Real Madrid","UD Las Palmas","3:03","LW",86,2.03,"Penalty",""
"512","16/17","LaLiga","25","03-01-17","H","Real Madrid","UD Las Palmas","3:03","LW",89,3.03,"Header","James Rodriguez"
"513","16/17","LaLiga","27","03-12-17","H","Real Madrid","Real Betis Balompie","2:01","LW",41,1.01,"Header","Marcelo"
"514","16/17","UEFA Champions League","Quarter-Finals","04-12-17","A","Real Madrid","Bayern Munich","1:02","LW",47,1.01,"Right-footed shot","Daniel Carvajal"
"515","16/17","UEFA Champions League","Quarter-Finals","04-12-17","A","Real Madrid","Bayern Munich","1:02","LW",77,1.02,"Right-footed shot","Marco Asensio"
"516","16/17","UEFA Champions League","Quarter-Finals","4/18/17","H","Real Madrid","Bayern Munich","4:2 AET","CF",76,1.01,"Header","Casemiro"
"517","16/17","UEFA Champions League","Quarter-Finals","4/18/17","H","Real Madrid","Bayern Munich","4:2 AET","CF",105,2.02,"Left-footed shot","Sergio Ramos"
"518","16/17","UEFA Champions League","Quarter-Finals","4/18/17","H","Real Madrid","Bayern Munich","4:2 AET","CF",109,3.02,"Right-footed shot","Marcelo"
"519","16/17","LaLiga","35","4/29/17","H","Real Madrid","Valencia CF","2:01","LW",27,1,"Header","Daniel Carvajal"
"520","16/17","UEFA Champions League","Semi-Finals","05-02-17","H","Real Madrid","Atletico de Madrid","3:00","CF",10,1,"Header","Casemiro"
"521","16/17","UEFA Champions League","Semi-Finals","05-02-17","H","Real Madrid","Atletico de Madrid","3:00","CF",73,2,"Right-footed shot","Karim Benzema"
"522","16/17","UEFA Champions League","Semi-Finals","05-02-17","H","Real Madrid","Atletico de Madrid","3:00","CF",86,3,"Right-footed shot","Lucas Vazquez"
"523","16/17","LaLiga","37","5/14/17","H","Real Madrid","Sevilla FC","4:01","LW",23,2,"Right-footed shot",""
"524","16/17","LaLiga","37","5/14/17","H","Real Madrid","Sevilla FC","4:01","LW",78,3.01,"Left-footed shot","Toni Kroos"
"525","16/17","LaLiga","21","5/17/17","A","Real Madrid","Celta de Vigo","1:04","CF",10,0.01,"Left-footed shot",""
"526","16/17","LaLiga","21","5/17/17","A","Real Madrid","Celta de Vigo","1:04","CF",48,0.02,"Left-footed shot","Isco"
"527","16/17","LaLiga","38","5/21/17","A","Real Madrid","Malaga CF","0:02","CF",2,0.01,"Right-footed shot","Isco"
"528","16/17","UEFA Champions League","Final","06-03-17","A","Real Madrid","Juventus FC","1:04","CF",20,0.01,"Right-footed shot","Daniel Carvajal"
"529","16/17","UEFA Champions League","Final","06-03-17","A","Real Madrid","Juventus FC","1:04","CF",64,1.03,"Right-footed shot","Luka Modric"
"530","17/18","Supercopa","final","8/13/17","A","Real Madrid","FC Barcelona","1:03","CF",80,1.02,"Right-footed shot","Isco"
"531","17/18","UEFA Champions League","Group Stage","9/13/17","H","Real Madrid","APOEL Nicosia","3:00","CF",12,1,"Counter attack goal","Gareth Bale"
"532","17/18","UEFA Champions League","Group Stage","9/13/17","H","Real Madrid","APOEL Nicosia","3:00","CF",51,2,"Penalty",""
"533","17/18","UEFA Champions League","Group Stage","9/26/17","A","Real Madrid","Borussia Dortmund","1:03","CF",49,0.02,"Left-footed shot","Gareth Bale"
"534","17/18","UEFA Champions League","Group Stage","9/26/17","A","Real Madrid","Borussia Dortmund","1:03","CF",79,1.03,"Right-footed shot","Luka Modric"
"535","17/18","LaLiga","8","10/14/17","A","Real Madrid","Getafe CF","1:02","CF",85,1.02,"Right-footed shot","Isco"
"536","17/18","UEFA Champions League","Group Stage","10/17/17","H","Real Madrid","Tottenham Hotspur","1:01","LW",43,1.01,"Penalty",""
"537","17/18","UEFA Champions League","Group Stage","11-01-17","A","Real Madrid","Tottenham Hotspur","3:01","LW",80,3.01,"Right-footed shot","Borja Mayoral"
"538","17/18","UEFA Champions League","Group Stage","11/21/17","A","Real Madrid","APOEL Nicosia","0:06","LW",49,0.05,"Header","Marcelo"
"539","17/18","UEFA Champions League","Group Stage","11/21/17","A","Real Madrid","APOEL Nicosia","0:06","LW",54,0.06,"Left-footed shot",""
"540","17/18","LaLiga","13","11/25/17","H","Real Madrid","Malaga CF","3:02","CF",76,3.02,"Penalty rebound",""
"541","17/18","UEFA Champions League","Group Stage","12-06-17","H","Real Madrid","Borussia Dortmund","3:02","LW",12,2,"Right-footed shot","Mateo Kovacic"
"542","17/18","LaLiga","15","12-09-17","H","Real Madrid","Sevilla FC","5:00","CF",23,2,"Right-footed shot","Marco Asensio"
"543","17/18","LaLiga","15","12-09-17","H","Real Madrid","Sevilla FC","5:00","CF",31,3,"Penalty",""
"544","17/18","FIFA Club World Cup","Semi-Finals","12/13/17","A","Real Madrid","Al-Jazira (Abu Dhabi)","1:02","LW",53,1.01,"Right-footed shot","Luka Modric"
"545","17/18","FIFA Club World Cup","Final","12/16/17","H","Real Madrid","GrÃªmio Foot-Ball Porto Alegrense","1:00","LW",53,1,"Direct free kick",""
"546","17/18","LaLiga","20","1/21/18","H","Real Madrid","Deportivo de La CoruÃ±a","7:01","LW",78,5.01,"Left-footed shot","Casemiro"
"547","17/18","LaLiga","20","1/21/18","H","Real Madrid","Deportivo de La CoruÃ±a","7:01","LW",84,6.01,"Header","Lucas Vazquez"
"548","17/18","LaLiga","21","1/27/18","A","Real Madrid","Valencia CF","1:04","LW",16,0.01,"Penalty",""
"549","17/18","LaLiga","21","1/27/18","A","Real Madrid","Valencia CF","1:04","LW",38,0.02,"Penalty",""
"550","17/18","LaLiga","23","02-10-18","H","Real Madrid","Real Sociedad","5:02","CF",27,2,"Right-footed shot","Marcelo"
"551","17/18","LaLiga","23","02-10-18","H","Real Madrid","Real Sociedad","5:02","CF",37,4,"Header","Luka Modric"
"552","17/18","LaLiga","23","02-10-18","H","Real Madrid","Real Sociedad","5:02","CF",80,5.01,"Tap-in",""
"553","17/18","UEFA Champions League","last 16","2/14/18","H","Real Madrid","Paris Saint-Germain","3:01","LW",45,1.01,"Penalty",""
"554","17/18","UEFA Champions League","last 16","2/14/18","H","Real Madrid","Paris Saint-Germain","3:01","LW",83,2.01,"Tap-in",""
"555","17/18","LaLiga","24","2/18/18","A","Real Madrid","Real Betis Balompie","3:05","CF",65,2.04,"Right-footed shot","Casemiro"
"556","17/18","LaLiga","25","2/24/18","H","Real Madrid","Deportivo Alaves","4:00","CF ",44,1,"Left-footed shot","Karim Benzema"
"557","17/18","LaLiga","25","2/24/18","H","Real Madrid","Deportivo Alaves","4:00","CF ",61,3,"Right-footed shot","Lucas Vazquez"
"558","17/18","LaLiga","27","03-03-18","H","Real Madrid","Getafe CF","3:01","CF",451,2,"Left-footed shot","Karim Benzema"
"559","17/18","LaLiga","27","03-03-18","H","Real Madrid","Getafe CF","3:01","CF",78,3.01,"Header","Marcelo"
"560","17/18","UEFA Champions League","last 16","03-06-18","A","Real Madrid","Paris Saint-Germain","1:02","CF",51,0.01,"Header","Lucas Vazquez"
"561","17/18","LaLiga","28","03-10-18","A","Real Madrid","SD Eibar","1:02","CF",33,0.01,"Right-footed shot","Luka Modric"
"562","17/18","LaLiga","28","03-10-18","A","Real Madrid","SD Eibar","1:02","CF",84,1.02,"Header","Daniel Carvajal"
"563","17/18","LaLiga","29","3/18/18","H","Real Madrid","Girona FC","6:03","CF",11,1,"Left-footed shot","Toni Kroos"
"564","17/18","LaLiga","29","3/18/18","H","Real Madrid","Girona FC","6:03","CF",47,2.01,"Left-footed shot","Karim Benzema"
"565","17/18","LaLiga","29","3/18/18","H","Real Madrid","Girona FC","6:03","CF",64,4.01,"Tap-in",""
"566","17/18","LaLiga","29","3/18/18","H","Real Madrid","Girona FC","6:03","CF",901,6.03,"Right-footed shot","Toni Kroos"
"567","17/18","UEFA Champions League","Quarter-Finals","04-03-18","A","Real Madrid","Juventus FC","0:03","CF",3,0.01,"Right-footed shot","Isco"
"568","17/18","UEFA Champions League","Quarter-Finals","04-03-18","A","Real Madrid","Juventus FC","0:03","CF",64,0.02,"Right-footed shot","Daniel Carvajal"
"569","17/18","LaLiga","31","04-08-18","H","Real Madrid","Atletico de Madrid","1:01","CF",53,1,"Right-footed shot","Gareth Bale"
"570","17/18","UEFA Champions League","Quarter-Finals","04-11-18","H","Real Madrid","Juventus FC","1:03","CF",907,1.03,"Penalty",""
"571","17/18","LaLiga","33","4/18/18","H","Real Madrid","Athletic Bilbao","1:01","CF",87,1.01,"Right-footed shot","Luka Modric"
"572","17/18","LaLiga","36","05-06-18","A","Real Madrid","FC Barcelona","2:02","LW",14,1.01,"Right-footed shot","Karim Benzema"
"573","17/18","LaLiga","38","5/19/18","A","Real Madrid","Villarreal CF","2:02","CF",32,0.02,"Header","Marcelo"
"574","18/19","Serie A","4","9/16/18","H","Juventus FC","US Sassuolo","2:01","CF",50,1,"Tap-in",""
"575","18/19","Serie A","4","9/16/18","H","Juventus FC","US Sassuolo","2:01","CF",65,2,"Left-footed shot","Emre Can"
"576","18/19","Serie A","5","9/23/18","A","Juventus FC","Frosinone Calcio","0:02","LW",81,0.01,"Left-footed shot",""
"577","18/19","Serie A","8","10-06-18","A","Juventus FC","Udinese Calcio","0:02","LW",37,0.02,"Left-footed shot","Mario Mandzukic"
"578","18/19","Serie A","9","10/20/18","H","Juventus FC","Genoa CFC","1:01","LW",18,1,"Tap-in",""
"579","18/19","Serie A","10","10/27/18","A","Juventus FC","Empoli FC ","1:02","CF",54,1.01,"Penalty",""
"580","18/19","Serie A","10","10/27/18","A","Juventus FC","Empoli FC ","1:02","CF",70,1.02,"Right-footed shot","Blaise Matuidi"
"581","18/19","UEFA Champions League","Group Stage","11-07-18","H","Juventus FC","Manchester United","1:02","CF",65,1,"Right-footed shot","Leonardo Bonucci"
"582","18/19","Serie A","12","11-11-18","A","Juventus FC","AC Milan","0:02","LW",81,0.02,"Tap-in",""
"583","18/19","Serie A","13","11/24/18","H","Juventus FC","SPAL","2:00","CF",29,1,"Left-footed shot","Miralem Pjanic"
"584","18/19","Serie A","14","12-01-18","A","Juventus FC","ACF Fiorentina","0:03","LW",79,0.03,"Penalty",""
"585","18/19","Serie A","16","12/15/18","A","Juventus FC","Torino FC","0:01","LW",70,0.01,"Penalty",""
"586","18/19","Serie A","18","12/26/18","A","Juventus FC","Atalanta BC","2:02","CF",78,2.02,"Header","Giorgio Chiellini"
"587","18/19","Serie A","19","12/29/18","H","Juventus FC","UC Sampdoria","2:01","LW",2,1,"Right-footed shot","Paulo Dybala"
"588","18/19","Serie A","19","12/29/18","H","Juventus FC","UC Sampdoria","2:01","LW",65,2.01,"Penalty",""
"589","18/19","Supercoppa Italiana","Final","1/16/19","H","Juventus FC","AC Milan","1:00","LW",61,1,"Header","Miralem Pjanic"
"590","18/19","Serie A","21","1/27/19","A","Juventus FC","SS Lazio","1:02","LW",88,1.02,"Penalty",""
"591","18/19","Serie A","22","02-02-19","H","Juventus FC","Parma Calcio 1913","3:03","LW",36,1,"Right-footed shot","Blaise Matuidi"
"592","18/19","Serie A","22","02-02-19","H","Juventus FC","Parma Calcio 1913","3:03","LW",66,3.01,"Header","Mario Mandzukic"
"593","18/19","Serie A","23","02-10-19","A","Juventus FC","US Sassuolo","0:03","LW",70,0.02,"Header","Miralem Pjanic"
"594","18/19","Serie A","24","2/15/19","H","Juventus FC","Frosinone Calcio","3:00","LW",63,3,"Right-footed shot","Mario Mandzukic"
"595","18/19","UEFA Champions League","last 16","03-12-19","H","Juventus FC","Atletico de Madrid","3:00","CF",27,1,"Header","Federico Bernardeschi"
"596","18/19","UEFA Champions League","last 16","03-12-19","H","Juventus FC","Atletico de Madrid","3:00","CF",49,2,"Header","JoÃ£o Cancelo"
"597","18/19","UEFA Champions League","last 16","03-12-19","H","Juventus FC","Atletico de Madrid","3:00","CF",86,3,"Penalty",""
"598","18/19","UEFA Champions League","Quarter-Finals","04-10-19","A","Juventus FC","Ajax Amsterdam","1:01","LW",45,0.01,"Header","JoÃ£o Cancelo"
"599","18/19","UEFA Champions League","Quarter-Finals","4/16/19","H","Juventus FC","Ajax Amsterdam","1:02","LW",28,1,"Header","Miralem Pjanic"
"600","18/19","Serie A","34","4/27/19","A","Juventus FC","Inter Milan","1:01","CF",62,1.01,"Left-footed shot","Miralem Pjanic"
"601","18/19","Serie A","35","05-03-19","H","Juventus FC","Torino FC","1:01","CF",84,1.01,"Header","Leonardo Spinazzola"
"602","19/20","Serie A","2","8/31/19","H","Juventus FC","SSC Napoli","4:03","LW",62,3,"Left-footed shot","Douglas Costa"
"603","19/20","Serie A","4","9/21/19","H","Juventus FC","Hellas Verona","2:01","LW",49,2.01,"Penalty",""
"604","19/20","Serie A","6","9/28/19","H","Juventus FC","SPAL","2:00","CF",78,2,"Header","Paulo Dybala"
"605","19/20","UEFA Champions League","Group Stage","10-01-19","H","Juventus FC","Bayer 04 Leverkusen","3:00","CF",89,3,"Right-footed shot","Paulo Dybala"
"606","19/20","Serie A","8","10/19/19","H","Juventus FC","Bologna FC 1909","2:01","CF",19,1,"Right-footed shot",""
"607","19/20","Serie A","10","10/30/19","H","Juventus FC","Genoa CFC","2:01","CF",906,2.01,"Penalty",""
"608","19/20","Serie A","14","12-01-19","H","Juventus FC","US Sassuolo","2:02","CF",68,2.02,"Penalty",""
"609","19/20","Serie A","15","12-07-19","A","Juventus FC","SS Lazio","3:01","CF",25,0.01,"Tap-in","Rodrigo Bentancur"
"610","19/20","UEFA Champions League","Group Stage","12-11-19","A","Juventus FC","Bayer 04 Leverkusen","0:02","CF",75,0.01,"Right-footed shot","Paulo Dybala"
"611","19/20","Serie A","16","12/15/19","H","Juventus FC","Udinese Calcio","3:01","CF",9,1,"Right-footed shot",""
"612","19/20","Serie A","16","12/15/19","H","Juventus FC","Udinese Calcio","3:01","CF",37,2,"Left-footed shot","Gonzalo Higuain"
"613","19/20","Serie A","17","12/18/19","A","Juventus FC","UC Sampdoria","1:02","LW",45,1.02,"Header","Alex Sandro"
"614","19/20","Serie A","18","01-06-20","H","Juventus FC","Cagliari Calcio","4:00","CF",49,1,"Right-footed shot",""
"615","19/20","Serie A","18","01-06-20","H","Juventus FC","Cagliari Calcio","4:00","CF",67,2,"Penalty",""
"616","19/20","Serie A","18","01-06-20","H","Juventus FC","Cagliari Calcio","4:00","CF",82,4,"Left-footed shot","Douglas Costa"
"617","19/20","Serie A","19","01-12-20","A","Juventus FC","AS Roma","1:02","CF",10,0.02,"Penalty",""
"618","19/20","Serie A","20","1/19/20","H","Juventus FC","Parma Calcio 1913","2:01","CF",43,1,"Deflected shot on goal","Blaise Matuidi"
"619","19/20","Serie A","20","1/19/20","H","Juventus FC","Parma Calcio 1913","2:01","CF",58,2.01,"Right-footed shot","Paulo Dybala"
"620","19/20","Italy Cup","Quarter-Finals","1/22/20","H","Juventus FC","AS Roma","3:01","LW",26,1,"Left-footed shot","Gonzalo Higuain"
"621","19/20","Serie A","21","1/26/20","A","Juventus FC","SSC Napoli","2:01","LW",90,2.01,"Right-footed shot","Rodrigo Bentancur"
"622","19/20","Serie A","22","02-02-20","H","Juventus FC","ACF Fiorentina","3:00","LW",40,1,"Penalty",""
"623","19/20","Serie A","22","02-02-20","H","Juventus FC","ACF Fiorentina","3:00","LW",80,2,"Penalty",""
"624","19/20","Serie A","23","02-08-20","A","Juventus FC","Hellas Verona","2:01","LW",65,0.01,"Right-footed shot","Rodrigo Bentancur"
"625","19/20","Italy Cup","Semi-Finals","2/13/20","A","Juventus FC","AC Milan","1:01","LW",901,1.01,"Penalty",""
"626","19/20","Serie A","25","2/22/20","A","Juventus FC","SPAL","1:02","LW",39,0.01,"Tap-in","Juan Cuadrado"
"627","19/20","Serie A","27","6/22/20","A","Juventus FC","Bologna FC 1909","0:02","LW",23,0.01,"Penalty",""
"628","19/20","Serie A","28","6/26/20","H","Juventus FC","US Lecce","4:00","LW",62,2,"Penalty",""
"629","19/20","Serie A","29","6/30/20","A","Juventus FC","Genoa CFC","1:03","LW",56,0.02,"Long distance kick","Miralem Pjanic"
"630","19/20","Serie A","30","07-04-20","H","Juventus FC","Torino FC","4:01","LW",61,3.01,"Direct free kick",""
"631","19/20","Serie A","31","07-07-20","A","Juventus FC","AC Milan","4:02","LW",53,0.02,"Left-footed shot","Juan Cuadrado"
"632","19/20","Serie A","32","07-11-20","H","Juventus FC","Atalanta BC","2:02","LW",55,1.01,"Penalty",""
"633","19/20","Serie A","32","07-11-20","H","Juventus FC","Atalanta BC","2:02","LW",90,2.02,"Penalty",""
"634","19/20","Serie A","34","7/20/20","H","Juventus FC","SS Lazio","2:01","LW",51,1,"Penalty",""
"635","19/20","Serie A","34","7/20/20","H","Juventus FC","SS Lazio","2:01","LW",54,2,"Counter attack goal","Paulo Dybala"
"636","19/20","Serie A","36","7/26/20","H","Juventus FC","UC Sampdoria","2:00","LW",457,1,"Right-footed shot","Miralem Pjanic"
"637","19/20","UEFA Champions League","last 16","08-07-20","H","Juventus FC","Olympique Lyon","2:01","LW",43,1.01,"Penalty",""
"638","19/20","UEFA Champions League","last 16","08-07-20","H","Juventus FC","Olympique Lyon","2:01","LW",60,2.01,"Left-footed shot","Federico Bernardeschi"
"639","20/21","Serie A","1","9/20/20","H","Juventus FC","UC Sampdoria","3:00","CF",88,3,"Right-footed shot","Aaron Ramsey"
"640","20/21","Serie A","2","9/27/20","A","Juventus FC","AS Roma","2:02","CF",44,1.01,"Penalty",""
"641","20/21","Serie A","2","9/27/20","A","Juventus FC","AS Roma","2:02","CF",69,2.02,"Header","Danilo"
"642","20/21","Serie A","6","11-01-20","A","Juventus FC","Spezia Calcio","1:04","CF",59,1.02,"Right-footed shot","alvaro Morata"
"643","20/21","Serie A","6","11-01-20","A","Juventus FC","Spezia Calcio","1:04","CF",76,1.04,"Penalty",""
"644","20/21","Serie A","7","11-08-20","A","Juventus FC","SS Lazio","1:01","LW",15,0.01,"Right-footed shot","Juan Cuadrado"
"645","20/21","Serie A","8","11/21/20","H","Juventus FC","Cagliari Calcio","2:00","CF",38,1,"Right-footed shot","alvaro Morata"
"646","20/21","Serie A","8","11/21/20","H","Juventus FC","Cagliari Calcio","2:00","CF",42,2,"Right-footed shot","Merih Demiral"
"647","20/21","UEFA Champions League","Group Stage","11/24/20","H","Juventus FC","Ferencvarosi TC","2:01","CF",35,1.01,"Left-footed shot","Juan Cuadrado"
"648","20/21","UEFA Champions League","Group Stage","12-02-20","H","Juventus FC","Dynamo Kyiv","3:00","CF",57,2,"Right-footed shot","alvaro Morata"
"649","20/21","UEFA Champions League","Group Stage","12-08-20","A","Juventus FC","FC Barcelona","0:03","CF",13,0.01,"Penalty",""
"650","20/21","UEFA Champions League","Group Stage","12-08-20","A","Juventus FC","FC Barcelona","0:03","CF",52,0.03,"Penalty",""
"651","20/21","Serie A","11","12/13/20","A","Juventus FC","Genoa CFC","1:03","CF",78,1.02,"Penalty",""
"652","20/21","Serie A","11","12/13/20","A","Juventus FC","Genoa CFC","1:03","CF",89,1.03,"Penalty",""
"653","20/21","Serie A","13","12/19/20","A","Juventus FC","Parma Calcio 1913","0:04","CF",26,0.02,"Header","alvaro Morata"
"654","20/21","Serie A","13","12/19/20","A","Juventus FC","Parma Calcio 1913","0:04","CF",48,0.03,"Left-footed shot","Aaron Ramsey"
"655","20/21","Serie A","15","01-03-21","H","Juventus FC","Udinese Calcio","4:01","CF",31,1,"Right-footed shot","Aaron Ramsey"
"656","20/21","Serie A","15","01-03-21","H","Juventus FC","Udinese Calcio","4:01","CF",70,3,"Left-footed shot","Rodrigo Bentancur"
"657","20/21","Serie A","17","01-10-21","H","Juventus FC","US Sassuolo","3:01","CF",902,3.01,"Right-footed shot","Danilo"
"658","20/21","Supercoppa Italiana","Final","1/20/21","H","Juventus FC","SSC Napoli","2:00","CF",64,1,"Tap-in",""
"659","20/21","Italy Cup","Semi-Finals","02-02-21","A","Juventus FC","Inter Milan","1:02","CF",26,1.01,"Penalty",""
"660","20/21","Italy Cup","Semi-Finals","02-02-21","A","Juventus FC","Inter Milan","1:02","CF",35,1.02,"Left-footed shot",""
"661","20/21","Serie A","21","02-06-21","H","Juventus FC","AS Roma","2:00","CF",13,1,"Left-footed shot","alvaro Morata"
"662","20/21","Serie A","23","2/22/21","H","Juventus FC","FC Crotone","3:00","CF",38,1,"Header","Alex Sandro"
"663","20/21","Serie A","23","2/22/21","H","Juventus FC","FC Crotone","3:00","CF",451,2,"Header","Aaron Ramsey"
"664","20/21","Serie A","24","2/27/21","A","Juventus FC","Hellas Verona","1:01","CF",49,0.01,"Right-footed shot","Federico Chiesa"
"665","20/21","Serie A","25","03-02-21","H","Juventus FC","Spezia Calcio","3:00","CF",89,3,"Counter attack goal","Rodrigo Bentancur"
"666","20/21","Serie A","27","3/14/21","A","Juventus FC","Cagliari Calcio","1:03","CF",10,0.01,"Header","Juan Cuadrado"
"667","20/21","Serie A","27","3/14/21","A","Juventus FC","Cagliari Calcio","1:03","CF",25,0.02,"Penalty",""
"668","20/21","Serie A","27","3/14/21","A","Juventus FC","Cagliari Calcio","1:03","CF",32,0.03,"Left-footed shot","Federico Chiesa"
"669","20/21","Serie A","29","04-03-21","A","Juventus FC","Torino FC","2:02","CF",79,2.02,"Header","Giorgio Chiellini"
"670","20/21","Serie A","3","04-07-21","H","Juventus FC","SSC Napoli","2:01","CF",13,1,"Right-footed shot","Federico Chiesa"
"671","20/21","Serie A","34","05-02-21","A","Juventus FC","Udinese Calcio","1:02","CF",83,1.01,"Penalty",""
"672","20/21","Serie A","34","05-02-21","A","Juventus FC","Udinese Calcio","1:02","CF",89,1.02,"Header","Adrien Rabiot"
"673","20/21","Serie A","36","05-12-21","A","Juventus FC","US Sassuolo","1:03","CF",45,0.02,"Left-footed shot",""
"674","20/21","Serie A","37","5/15/21","H","Juventus FC","Inter Milan","3:02","CF",24,1,"Penalty rebound",""
"675","21/22","Premier League","4","09-11-21","H","Manchester United","Newcastle United","4:01","CF",452,1,"Tap-in",""
"676","21/22","Premier League","4","09-11-21","H","Manchester United","Newcastle United","4:01","CF",62,2.01,"Left-footed shot","Luke Shaw"
"677","21/22","UEFA Champions League","Group Stage","9/14/21","A","Manchester United","BSC Young Boys","2:01","CF",13,0.01,"Right-footed shot","Bruno Fernandes"
"678","21/22","Premier League","5","9/19/21","A","Manchester United","West Ham United","1:02","CF",35,1.01,"Right-footed shot",""
"679","21/22","UEFA Champions League","Group Stage","9/29/21","H","Manchester United","Villarreal CF","2:01","CF",905,2.01,"Right-footed shot","Jesse Lingard"
"680","21/22","UEFA Champions League","Group Stage","10/20/21","H","Manchester United","Atalanta BC","3:02","CF",81,3.02,"Header","Luke Shaw"
"681","21/22","Premier League","10","10/30/21","A","Manchester United","Tottenham Hotspur","0:03","CF",39,0.01,"Right-footed shot","Bruno Fernandes"
"682","21/22","UEFA Champions League","Group Stage","11-02-21","A","Manchester United","Atalanta BC","2:02","CF",451,1.01,"Right-footed shot","Bruno Fernandes"
"683","21/22","UEFA Champions League","Group Stage","11-02-21","A","Manchester United","Atalanta BC","2:02","CF",901,2.02,"Right-footed shot","Mason Greenwood"
"684","21/22","UEFA Champions League","Group Stage","11/23/21","A","Manchester United","Villarreal CF","0:02","CF",78,0.01,"Right-footed shot",""
"685","21/22","Premier League","14","12-02-21","H","Manchester United","Arsenal FC","3:02","CF",52,2.01,"Right-footed shot","Marcus Rashford"
"686","21/22","Premier League","14","12-02-21","H","Manchester United","Arsenal FC","3:02","CF",70,3.02,"Penalty",""
"687","21/22","Premier League","16","12-11-21","A","Manchester United","Norwich City","0:01","CF",75,0.01,"Penalty",""
"688","21/22","Premier League","20","12/30/21","H","Manchester United","Burnley FC","3:01","CF",35,3,"Right-footed shot",""
"689","21/22","Premier League","18","2/15/22","H","Manchester United","Brighton & Hove Albion","2:00","CF",51,1,"Right-footed shot","Scott McTominay"
"690","21/22","Premier League","29","03-12-22","H","Manchester United","Tottenham Hotspur","3:02","CF",12,1,"Right-footed shot","Fred"
"691","21/22","Premier League","29","03-12-22","H","Manchester United","Tottenham Hotspur","3:02","CF",38,2.01,"Right-footed shot","Jadon Sancho"
"692","21/22","Premier League","29","03-12-22","H","Manchester United","Tottenham Hotspur","3:02","CF",81,3.02,"Header","Alex Telles"
"693","21/22","Premier League","33","4/16/22","H","Manchester United","Norwich City","3:02","CF",7,1,"Right-footed shot","Anthony Elanga"
"694","21/22","Premier League","33","4/16/22","H","Manchester United","Norwich City","3:02","CF",32,2,"Header","Alex Telles"
"695","21/22","Premier League","33","4/16/22","H","Manchester United","Norwich City","3:02","CF",76,3.02,"Direct free kick",""
"696","21/22","Premier League","34","4/23/22","A","Manchester United","Arsenal FC","3:01","CF",34,2.01,"Left-footed shot","Nemanja MatiÄ‡"
"697","21/22","Premier League","37","4/28/22","H","Manchester United","Chelsea FC","1:01","CF",62,1.01,"Right-footed shot","Nemanja MatiÄ‡"
"698","21/22","Premier League","35","05-02-22","H","Manchester United","Brentford FC","3:00","CF",61,2,"Penalty",""
"699","22/23","Europa League","Group Stage","9/15/22","A","Manchester United","FC Sheriff","0:02","CF",39,0.02,"Penalty",""
"700","22/23","Premier League","10","10/9/22","A","Manchester United","Everton FC","1:2","",44,1.2,"Counter attack goal","Casemiro"
"701","22/23","Europa League","Group Stage","10/27/22","H","Manchester United","FC Sheriff","3:0","CF",81,3,"Left-footed shot",""
"702","22/23","Saudi Pro League","15","2/3/23","A","Al-Nassr FC","Al-Fateh","2:2","CF",903,2.2,"Penalty",""
"703","22/23","Saudi Pro League","16","2/9/23","A","Al-Nassr FC","Al-Wehda FC","0:4","CF",21,0.1,"Left-footed shot","Abdulrahman Ghareeb"
"704","22/23","Saudi Pro League","16","2/9/23","A","Al-Nassr FC","Al-Wehda FC","0:4","CF",40,0.2,"Right-footed shot","Sami Al-Najei"
"705","22/23","Saudi Pro League","16","2/9/23","A","Al-Nassr FC","Al-Wehda FC","0:4","CF",53,0.3,"Penalty",""
"706","22/23","Saudi Pro League","16","2/9/23","A","Al-Nassr FC","Al-Wehda FC","0:4","CF",61,0.4,"Right-footed shot",""
"707","22/23","Saudi Pro League","18","2/25/23","A","Al-Nassr FC","Damac FC","0:3","CF",18,0.1,"Penalty","	"
"708","22/23","Saudi Pro League","18","2/25/23","A","Al-Nassr FC","Damac FC","0:3","CF",23,0.2,"Left-footed shot","Sultan Al-Ghannam"
"709","22/23","Saudi Pro League","18","2/25/23","A","Al-Nassr FC","Damac FC","0:3","CF",44,0.3,"Counter attack goal","Ayman Yahya"
"710","22/23","Saudi Pro League","21","3/18/23","H","Al-Nassr FC","Abha Club","2:1","CF",78,1.1,"Direct free kick",""
